"date","discharge","water level"
"1968-12-03",,2.54
"1968-12-11",,2.23
"1969-01-27",,1.62
"1969-02-05",,1.54
"1969-02-17",,1.46
"1969-02-24",,1.58
"1969-02-27",,1.55
"1969-03-07",,1.5
"1969-03-09",,1.5
"1969-03-12",,1.49
"1969-03-25",,1.49
"1969-03-26",,1.47
"1969-03-28",,1.47
"1969-04-03",,1.44
"1969-04-10",,1.39
"1969-04-15",,1.37
"1969-04-16",,1.37
"1969-04-21",,1.33
"1969-04-22",,1.78
"1969-05-30",,2.25
"1969-06-03",,2.69
"1969-06-11",,3.26
"1969-06-17",,3.28
"1969-06-24",,3.31
"1969-06-26",,3.35
"1969-06-27",,3.33
"1969-07-02",,3.34
"1969-07-07",,3.34
"1969-07-10",,3.33
"1969-07-28",,3.3
"1969-08-08",,3.3
"1969-08-12",,3.28
"1969-08-21",,3.25
"1969-09-01",,3.19
"1969-09-10",,3.14
"1969-09-18",,3.08
"1969-09-24",,3.02
"1969-09-29",,2.98
"1969-10-07",,2.9
"1969-10-16",,2.82
"1969-10-27",,2.68
"1969-11-06",,2.56
"1969-11-11",,2.53
"1969-11-17",,2.48
"1969-11-26",,2.41
"1969-12-05",,2.35
"1969-12-11",,2.29
"1969-12-16",,2.23
"1969-12-25",,2.12
"1969-12-29",,2.05
"1970-01-02",,1.97
"1970-01-08",,1.93
"1970-01-15",,1.82
"1970-01-22",,1.76
"1970-01-26",,1.71
"1970-01-27",,1.69
"1970-01-29",,1.7
"1970-02-05",,1.6
"1970-02-12",,1.53
"1970-02-27",,1.32
"1970-03-11",,1.2
"1970-03-18",,1.13
"1970-05-11",,1.05
"1970-05-12",,1.09
"1970-05-13",,1.13
"1970-05-14",,1.16
"1970-05-19",,1.35
"1970-05-20",,1.4
"1970-05-21",,1.45
"1970-05-22",,1.5
"1970-05-26",,1.68
"1970-05-27",,1.73
"1970-05-28",,1.76
"1970-05-29",,1.8
"1970-06-02",,1.94
"1970-06-03",,1.98
"1970-06-04",,2
"1970-06-05",,2.02
"1970-06-08",,2.12
"1970-06-09",,2.15
"1970-06-11",,2.2
"1970-06-15",,2.3
"1970-06-16",,2.33
"1970-06-18",,2.36
"1970-06-22",,2.42
"1970-06-25",,2.44
"1970-06-29",,2.51
"1970-07-02",,2.53
"1970-07-06",,2.56
"1970-07-09",,2.58
"1970-07-13",,2.61
"1970-07-20",,2.65
"1970-07-23",,2.67
"1970-07-27",,2.68
"1970-07-30",,2.7
"1970-08-05",,2.72
"1970-08-10",,2.73
"1970-08-13",,2.72
"1970-08-17",,2.71
"1970-08-20",,2.71
"1970-08-25",,2.7
"1970-08-27",,2.7
"1970-08-31",,2.7
"1970-09-03",,2.69
"1970-09-07",,2.69
"1970-09-10",,2.67
"1970-09-14",,2.65
"1970-09-17",,2.61
"1970-09-21",,2.58
"1970-10-01",15.44,2.49
"1970-10-06",13.67,2.43
"1970-10-08",11.56,2.41
"1970-10-09",12.61,2.4
"1970-10-13",10.73,2.36
"1970-10-14",9.79,2.34
"1970-10-16",9.4,2.31
"1970-10-19",7.24,2.26
"1970-10-20",8.56,2.25
"1970-10-22",6.98,2.22
"1970-10-26",6.6,2.16
"1970-10-30",5.42,2.1
"1970-11-03",5.01,2.04
"1970-11-05",4.18,2.02
"1970-11-13",2.73,1.93
"1970-11-16",2.62,1.9
"1970-11-17",2.5,
"1970-11-20",2.282,1.86
"1970-11-24",2.02,1.81
"1970-11-27",1.92,1.81
"1970-12-01",1.28,1.76
"1970-12-03",1.55,1.73
"1970-12-08",1.35,1.66
"1970-12-10",0.97,1.64
"1970-12-14",0.86,1.59
"1970-12-21",0.46,1.5
"1971-01-08",0.52,1.38
"1971-01-13",0.51,1.36
"1971-01-15",0.4,1.38
"1971-01-18",0.41,1.36
"1971-01-22",0.41,1.37
"1971-02-02",0.68,1.46
"1971-02-04",0.59,1.44
"1971-02-11",0.5,1.37
"1971-02-26",0.38,1.27
"1971-03-01",0.41,1.26
"1971-03-03",0.42,1.26
"1971-03-05",0.44,1.26
"1971-03-08",0.53,1.25
"1971-03-10",0.44,1.24
"1971-03-12",0.35,1.22
"1971-03-15",0.32,1.21
"1971-03-22",0.34,1.18
"1971-03-26",0.325,1.19
"1971-03-29",0.33,1.19
"1971-03-31",0.28,1.18
"1971-04-02",0.26,1.17
"1971-04-05",0.31,1.2
"1971-04-07",0.297,1.14
"1971-04-08",0.29,
"1971-04-13",0.43,1.2
"1971-04-15",0.4,1.2
"1971-04-19",0.33,1.19
"1971-05-17",0,1.16
"1971-05-18",0.41,
"1971-06-01",1.55,
"1971-06-02",1.679,1.53
"1971-06-08",2.71,1.73
"1971-06-11",3.83,1.81
"1971-06-13",4.62,1.87
"1971-06-14",5.548,1.87
"1971-06-17",5.41,1.97
"1971-06-24",9.97,2.26
"1971-06-28",13.43,2.38
"1971-06-30",14.81,2.43
"1971-07-02",17.55,2.48
"1971-07-06",15.62,2.53
"1971-07-08",15.75,2.55
"1971-07-15",17.38,2.6
"1971-07-19",19.27,2.63
"1971-07-21",18.8,2.65
"1971-07-27",17.29,2.68
"1971-08-06",19.43,2.73
"1971-08-12",20.5,2.75
"1971-08-17",19.96,
"1971-08-23",19.42,2.76
"1971-08-30",18.49,2.75
"1971-09-08",18.91,2.74
"1971-09-15",16.71,2.72
"1971-09-23",14.496,2.64
"1971-09-28",13.263,2.58
"1971-10-01",12.8,
"1971-10-04",11.89,
"1971-10-07",10.72,
"1971-10-12",9.01,
"1971-10-21",7.26,
"1971-10-26",6.19,2.26
"1971-10-29",6.14,2.21
"1971-11-05",4.46,2.1
"1971-11-11",3.57,2.02
"1971-11-18",3.25,1.98
"1971-11-25",2.72,1.96
"1971-12-02",2.38,1.92
"1971-12-09",2.11,1.76
"1971-12-16",1.36,1.76
"1971-12-22",1.35,1.73
"1971-12-30",0.99,
"1971-12-31",0.94,1.62
"1972-01-06",0.69,1.57
"1972-01-13",0.91,1.55
"1972-01-21",0.94,1.57
"1972-01-28",2.39,1.92
"1972-02-04",2.34,2.06
"1972-02-10",2.81,2.08
"1972-02-17",2.78,2.06
"1972-02-24",2.75,2.1
"1972-03-02",2.45,2.07
"1972-03-09",2.27,2.06
"1972-03-16",4.37,2.1
"1972-03-20",4.42,
"1972-03-23",4.32,2.26
"1972-03-27",4.19,
"1972-03-30",4.278,2.38
"1972-04-06",4.49,2.43
"1972-04-13",4.385,2.42
"1972-04-14",4.37,
"1972-04-20",4.42,2.41
"1972-04-27",4.19,2.4
"1972-05-04",3.89,2.41
"1972-05-12",4.48,2.42
"1972-05-29",5.041,2.46
"1972-06-07",4.96,2.47
"1972-06-15",4.77,2.47
"1972-06-22",5.02,2.45
"1972-06-30",5.04,2.46
"1972-07-07",5.09,2.46
"1972-07-13",5.92,2.49
"1972-07-19",6.11,
"1972-07-26",7.08,
"1972-08-02",8.25,2.65
"1972-08-09",8.83,2.7
"1972-08-16",10.51,2.75
"1972-08-22",10.759,2.79
"1972-08-30",11.1,2.82
"1972-09-06",12.58,2.84
"1972-09-13",11.907,2.85
"1972-09-20",11.27,2.82
"1972-09-27",10.94,2.8
"1972-10-04",9.52,2.77
"1972-10-11",9.29,2.74
"1972-10-16",7.8,2.72
"1972-10-25",6.76,2.62
"1972-11-01",6.548,2.55
"1972-11-08",4.955,2.22
"1972-11-14",4.488,2.35
"1972-11-21",3.646,2.22
"1972-11-28",2.46,2.06
"1972-12-06",1.8,1.89
"1972-12-13",1.32,1.73
"1972-12-20",0.82,1.59
"1972-12-29",0.48,1.4
"1973-01-04",3.69,1.3
"1973-01-10",0.231,1.2
"1973-01-19",0.12,1.14
"1973-01-24",0.037,1.08
"1973-01-30",0.005,1.02
"1973-02-01",0.051,1.06
"1973-02-07",0.028,1.03
"1973-02-16",0.013,0.96
"1973-02-20",0.012,0.97
"1973-07-02",0.01,
"1973-07-10",0.67,1.08
"1973-07-12",1.005,1.13
"1973-07-13",1.189,1.14
"1973-07-16",1.747,1.18
"1973-07-20",2.267,1.2
"1973-07-23",2.622,1.23
"1973-07-27",3.053,1.27
"1973-08-01",3.77,
"1973-08-02",3.84,1.3
"1973-08-08",4.29,1.33
"1973-08-16",4.35,1.34
"1973-08-22",4.074,
"1973-08-23",4.03,1.36
"1973-08-24",4.02,1.36
"1973-08-30",4.47,
"1973-09-06",3.72,
"1973-09-12",3.71,
"1973-09-19",2.95,
"1973-09-27",2.23,
"1973-10-04",1.89,1.35
"1973-10-11",1.34,1.28
"1973-10-17",1.186,1.24
"1973-10-26",1.18,1.19
"1973-10-31",0.97,1.24
"1973-11-08",0.699,1.19
"1973-11-13",0.58,1.15
"1973-11-19",0.347,1.09
"1973-11-27",0.335,1.07
"1973-12-06",0.33,1.04
"1973-12-18",0.297,1.05
"1973-12-27",0.309,1.08
"1974-01-03",0.91,1.28
"1974-01-08",0.605,1.48
"1974-01-16",1.168,1.54
"1974-01-24",1.258,1.61
"1974-01-31",1.103,1.62
"1974-02-05",1.175,1.65
"1974-02-11",1.296,1.7
"1974-02-18",2.228,1.9
"1974-02-27",4.76,2.24
"1974-03-03",6.671,
"1974-03-04",6.881,2.56
"1974-03-11",8.545,2.68
"1974-03-21",10.095,2.86
"1974-03-29",13.36,3.03
"1974-04-01",14.801,3.1
"1974-04-11",15.507,3.32
"1974-04-18",17.963,3.37
"1974-04-30",16.27,3.3
"1974-05-08",19.089,3.28
"1974-05-17",15.104,3.23
"1974-05-22",19.57,3.2
"1974-05-30",16.76,3.16
"1974-06-07",17.623,3.1
"1974-06-13",17.805,3.05
"1974-06-24",18.013,2.99
"1974-06-27",16.056,2.98
"1974-07-03",17.94,2.95
"1974-07-12",17.04,2.93
"1974-07-19",18.587,2.91
"1974-07-24",15.71,2.91
"1974-08-01",19.19,2.93
"1974-08-13",18.48,3.01
"1974-08-20",18.034,3.05
"1974-08-27",21.28,3.06
"1974-09-05",22.18,3.08
"1974-09-11",23.178,3.09
"1974-09-18",24.4,3.08
"1974-09-23",23.22,3.07
"1974-10-03",22.43,3.03
"1974-10-10",19.61,3
"1974-10-16",21.68,2.98
"1974-10-23",19.5,2.93
"1974-10-31",16.406,2.88
"1974-11-08",15.295,2.81
"1974-11-13",15.279,2.87
"1974-11-28",15.77,2.84
"1974-12-09",12.1,2.74
"1974-12-17",10.02,2.68
"1974-12-30",9.45,2.61
"1975-01-03",10.07,2.58
"1975-01-07",9.898,2.51
"1975-01-15",8.295,2.46
"1975-01-21",7.402,2.45
"1975-01-29",8.024,2.5
"1975-02-04",7.404,2.48
"1975-02-13",6.304,2.47
"1975-02-20",7.165,2.46
"1975-02-26",6.48,2.43
"1975-03-05",6.9,2.45
"1975-03-11",6.94,2.42
"1975-03-19",6.36,2.4
"1975-03-27",7.304,2.43
"1975-04-02",7.463,2.45
"1975-04-10",7.555,2.49
"1975-04-15",8.785,2.54
"1975-04-22",8.044,2.53
"1975-04-30",7.429,2.5
"1975-05-06",7.425,2.48
"1975-05-13",6.214,2.45
"1975-05-21",6.774,2.43
"1975-05-28",7.217,2.55
"1975-06-05",13.26,2.84
"1975-06-12",18.79,3.04
"1975-06-18",23.45,3.24
"1975-06-25",26.943,3.38
"1975-07-03",35.257,3.45
"1975-07-08",34.734,3.47
"1975-07-09",34.63,
"1975-07-14",36.822,3.45
"1975-07-17",38.204,
"1975-07-20",38.055,3.43
"1975-07-22",37.956,
"1975-07-29",38.868,3.39
"1975-07-31",39.133,
"1975-08-02",38.94,3.37
"1975-08-08",38.368,
"1975-08-09",38.178,3.36
"1975-08-14",37.24,
"1975-08-17",36.395,3.31
"1975-08-20",35.57,
"1975-08-23",35.114,3.27
"1975-08-29",34.22,
"1975-09-02",36.752,
"1975-09-09",33.97,
"1975-09-17",33.31,
"1975-09-23",29.018,
"1975-10-01",26.45,3.22
"1975-10-09",25.01,3.16
"1975-10-14",23.47,3.11
"1975-10-29",18.96,3.01
"1975-11-04",18.52,2.95
"1975-11-13",15.78,2.86
"1975-11-21",14.131,2.75
"1975-11-28",12.83,2.66
"1975-12-05",10.77,2.56
"1975-12-17",9.13,2.47
"1975-12-23",8.43,2.4
"1976-01-02",6.31,2.27
"1976-01-08",5.63,2.22
"1976-01-12",5.57,2.21
"1976-01-23",3.83,2.13
"1976-01-30",3.76,2.07
"1976-02-05",3.49,2.02
"1976-02-12",3.123,2
"1976-02-20",3.051,1.95
"1976-02-26",2.652,1.95
"1976-03-11",2.755,1.96
"1976-03-24",3.285,2.05
"1976-04-01",3.803,2.08
"1976-04-09",3.25,2.08
"1976-04-14",3.522,2.09
"1976-04-22",4.006,2.1
"1976-04-30",3.16,2.07
"1976-05-06",3.9,2.07
"1976-05-14",4.02,2.09
"1976-05-21",4.14,2.1
"1976-05-28",5.211,2.14
"1976-06-04",5.71,2.22
"1976-06-11",7.44,2.4
"1976-06-18",11.57,2.62
"1976-06-25",14.956,2.82
"1976-06-29",20.543,2.98
"1976-07-06",27.605,3.18
"1976-07-13",27.057,3.26
"1976-07-19",31.708,3.31
"1976-07-28",33.644,3.34
"1976-08-05",34.299,3.34
"1976-08-10",37.612,3.35
"1976-08-19",37.592,3.32
"1976-08-26",35.353,3.31
"1976-08-31",32.624,3.3
"1976-09-09",35.324,3.26
"1976-09-13",33.013,3.25
"1976-09-23",27.721,3.2
"1976-09-28",25.588,3.2
"1976-10-07",21.141,3.21
"1976-10-13",28.238,3.16
"1976-10-20",26.764,3.1
"1976-11-01",24.29,2.99
"1976-11-10",19.304,2.93
"1976-11-17",18.68,2.86
"1976-11-24",18.36,2.79
"1976-12-03",13.483,2.69
"1976-12-10",10.77,2.62
"1976-12-17",8.913,2.52
"1976-12-22",7.935,2.42
"1976-12-30",6.692,2.32
"1977-01-03",4.897,2.25
"1977-01-11",4.27,2.11
"1977-01-19",3.237,2.01
"1977-01-28",1.94,1.92
"1977-02-04",2.524,1.92
"1977-02-11",3.34,2.05
"1977-02-25",3.96,2.14
"1977-03-04",4.235,2.15
"1977-03-11",4.883,2.25
"1977-03-18",6.631,2.37
"1977-03-23",6.891,2.4
"1977-04-01",6.647,2.45
"1977-04-06",7.447,2.47
"1977-04-15",8.57,2.53
"1977-04-22",10.327,2.61
"1977-04-29",11.144,2.69
"1977-05-05",11.706,2.75
"1977-05-13",12.965,2.84
"1977-05-18",13.371,2.88
"1977-05-27",15.041,2.93
"1977-06-03",15.685,2.95
"1977-06-10",16.357,2.97
"1977-06-15",16.625,2.97
"1977-06-24",15.908,2.98
"1977-06-30",12.25,2.98
"1977-07-09",19.662,3.01
"1977-07-15",22.111,3.05
"1977-07-20",22.11,3.1
"1977-07-27",27.29,3.2
"1977-08-05",22.82,3.26
"1977-08-10",32.72,3.28
"1977-08-17",26.88,
"1977-08-19",33.07,3.2
"1977-08-23",32.34,3.3
"1977-09-01",32.1,3.23
"1977-09-08",29.12,3.24
"1977-09-15",29.51,3.22
"1977-09-22",28.06,3.22
"1977-09-29",26.52,3.22
"1977-10-07",23.33,3.16
"1977-10-14",25.26,3.1
"1977-10-21",22.079,3.06
"1977-10-22",21.659,
"1977-10-28",21.65,2.99
"1977-11-04",18.574,2.91
"1977-11-11",15.89,2.82
"1977-11-18",14.18,2.74
"1977-11-23",12.02,2.7
"1977-12-01",9.49,2.62
"1977-12-07",10.183,2.57
"1977-12-15",7.824,2.45
"1977-12-22",5.629,2.38
"1977-12-30",8.64,2.54
"1978-01-06",10.486,2.65
"1978-01-13",9.22,2.66
"1978-01-20",10.82,2.73
"1978-01-27",11.293,2.81
"1978-02-01",12.443,
"1978-02-02",12.733,2.87
"1978-02-10",15.31,3.04
"1978-02-17",18.33,3.22
"1978-02-24",22.558,3.36
"1978-03-03",25.251,3.49
"1978-03-10",32.849,3.59
"1978-03-16",33.287,3.67
"1978-03-23",34.52,3.7
"1978-03-30",33.21,3.68
"1978-04-07",33.12,
"1978-04-08",32.448,3.67
"1978-04-14",28.694,3.66
"1978-04-19",34.32,3.65
"1978-04-25",32.95,3.63
"1978-05-02",34.019,3.59
"1978-05-12",32.85,3.54
"1978-05-17",30.52,3.51
"1978-05-25",28.47,3.5
"1978-05-31",38.52,3.48
"1978-06-01",35.609,3.47
"1978-06-09",29.99,3.44
"1978-06-16",31.98,3.41
"1978-06-22",30.52,3.39
"1978-06-29",30.8,3.39
"1978-07-05",31.042,3.41
"1978-07-13",31.368,3.45
"1978-07-21",35.64,3.5
"1978-07-28",36.791,3.54
"1978-08-03",38.05,3.58
"1978-08-11",38.29,3.6
"1978-08-18",38.51,3.61
"1978-08-25",39.53,3.62
"1978-09-01",40.23,3.62
"1978-09-08",40.11,3.58
"1978-09-15",40.671,3.54
"1978-09-22",38.587,3.52
"1978-10-05",36.506,3.46
"1978-10-13",36.72,3.4
"1978-10-18",33,3.38
"1978-10-25",32.532,3.32
"1978-11-03",31.59,3.23
"1978-11-10",27.073,3.17
"1978-11-15",25.851,3.13
"1978-11-24",20.92,2.98
"1978-12-01",18.123,2.86
"1978-12-05",16.189,2.8
"1978-12-15",12.94,2.64
"1978-12-22",10.765,2.52
"1978-12-27",14.269,
"1978-12-29",8.072,2.4
"1979-01-05",8.856,2.29
"1979-01-11",5.207,
"1979-01-12",5.209,2.18
"1979-01-19",5.22,2.09
"1979-01-20",5.207,
"1979-01-26",4.33,2.03
"1979-02-02",4.345,2.08
"1979-02-09",3.581,2.05
"1979-02-16",3.482,2
"1979-02-23",2.98,1.91
"1979-03-02",2.741,1.88
"1979-03-09",2.577,1.9
"1979-03-15",2.445,1.89
"1979-03-23",2.35,1.86
"1979-03-30",1.76,1.82
"1979-04-06",1.535,1.78
"1979-04-11",1.892,1.74
"1979-04-20",1.501,1.72
"1979-04-27",1.468,1.69
"1979-05-04",1.88,1.69
"1979-05-11",1.752,1.69
"1979-05-16",2.282,1.71
"1979-05-25",5.633,2.04
"1979-06-01",13.93,2.52
"1979-06-08",22.615,2.87
"1979-06-15",38.09,3.12
"1979-06-22",40.046,3.19
"1979-06-29",42.668,3.23
"1979-07-06",46.831,3.24
"1979-07-14",44.796,3.24
"1979-07-20",37.42,3.22
"1979-07-27",39.909,3.19
"1979-08-03",42.762,3.17
"1979-08-09",41.762,3.16
"1979-08-24",35.22,3.09
"1979-08-30",32.33,3.08
"1979-09-07",34.05,3.04
"1979-09-13",28.096,2.99
"1979-09-19",27.039,2.94
"1979-09-28",24.31,2.85
"1979-09-30",24,
"1979-10-10",16.084,2.7
"1979-10-18",16.928,2.59
"1979-10-26",11.966,2.49
"1979-11-02",9.918,2.41
"1979-11-09",8.241,2.33
"1979-11-15",7.392,2.28
"1979-11-23",6.843,2.2
"1979-12-05",4.3,2.11
"1979-12-17",3.537,2
"1979-12-27",2.576,1.92
"1980-01-04",2.413,1.87
"1980-01-09",2.584,1.87
"1980-01-15",2.301,1.83
"1980-01-25",1.821,1.8
"1980-01-30",1.713,1.77
"1980-02-04",1.942,1.77
"1980-02-06",1.56,1.75
"1980-02-15",1.57,1.71
"1980-02-18",1.738,1.85
"1980-02-22",1.99,1.8
"1980-02-28",2.285,1.82
"1980-03-12",2.592,1.85
"1980-03-20",2.163,
"1980-03-28",2.032,
"1980-04-02",1.968,
"1980-04-10",1.871,
"1980-04-16",2.16,
"1980-04-23",1.699,
"1980-05-01",2.822,1.83
"1980-05-02",3.007,
"1980-05-14",4.041,
"1980-05-28",7.159,
"1980-06-04",11.295,
"1980-06-09",11.608,2.42
"1980-06-10",11.672,2.43
"1980-06-11",11.736,2.45
"1980-06-12",11.8,2.47
"1980-06-13",11.865,2.48
"1980-06-15",12.723,2.51
"1980-06-16",13.175,2.52
"1980-06-17",13.643,2.56
"1980-06-18",14.127,2.57
"1980-06-19",14.629,2.58
"1980-06-23",16.894,2.63
"1980-06-25",18.154,2.64
"1980-06-26",18.819,2.66
"1980-06-27",19.509,
"1980-07-01",22.128,2.71
"1980-07-03",21.842,2.73
"1980-07-07",21.28,2.76
"1980-07-08",21.142,2.77
"1980-07-10",21.377,2.77
"1980-07-11",21.496,2.77
"1980-07-16",22.098,2.79
"1980-07-17",22.221,2.79
"1980-07-18",22.344,2.79
"1980-07-21",23.035,2.79
"1980-07-23",23.508,
"1980-07-30",23.326,2.82
"1980-07-31",23.3,
"1980-08-05",25.438,2.84
"1980-08-07",26.347,2.84
"1980-08-09",27.288,2.84
"1980-08-15",23.566,
"1980-08-18",22.333,2.84
"1980-08-20",21.547,2.84
"1980-08-21",21.164,2.84
"1980-08-22",20.789,2.83
"1980-08-25",19.701,2.83
"1980-09-04",23.806,
"1980-09-16",19.986,2.74
"1980-09-19",19.131,2.72
"1980-09-25",17.529,2.68
"1980-09-26",17.275,
"1980-09-30",15.4,
"1980-10-03",12.651,2.62
"1980-10-10",11.096,2.52
"1980-10-17",9.103,2.43
"1980-10-21",8.75,2.38
"1980-10-31",6.811,2.25
"1980-11-05",5.727,2.2
"1980-11-14",4.192,
"1980-11-21",3.72,2.02
"1980-12-05",1.955,1.94
"1980-12-10",1.424,1.88
"1980-12-18",1.521,1.85
"1980-12-19",1.534,
"1980-12-24",1.736,1.78
"1980-12-31",1.068,1.78
"1981-01-06",0.838,1.79
"1981-01-16",0.576,1.68
"1981-01-23",1.016,1.61
"1981-01-30",0.647,1.56
"1981-02-05",0.884,1.59
"1981-02-11",1.149,1.65
"1981-02-19",0.747,1.6
"1981-03-10",2.469,1.96
"1981-03-20",2.87,1.99
"1981-03-27",2.64,1.98
"1981-04-03",2.624,1.95
"1981-04-08",2.75,1.94
"1981-04-16",2.73,1.9
"1981-04-24",2.046,1.85
"1981-05-07",2.137,1.8
"1981-05-13",2.141,1.77
"1981-05-29",1.564,
"1981-06-04",2.185,1.75
"1981-06-08",3.05,1.86
"1981-06-12",7.527,2.67
"1981-06-19",19.603,2.66
"1981-06-25",24.047,2.87
"1981-07-01",31.171,2.98
"1981-07-06",37.457,3.04
"1981-07-17",41.998,3.1
"1981-07-24",39.576,3.08
"1981-07-27",37.876,3.08
"1981-08-07",35.731,3.02
"1981-08-13",37.931,2.99
"1981-08-20",29.857,2.95
"1981-08-28",28.886,2.93
"1981-09-04",26.354,2.89
"1981-09-11",23.847,2.84
"1981-09-16",27.059,2.82
"1981-09-23",19.52,2.77
"1981-09-28",16.882,2.75
"1981-10-14",9.802,2.63
"1981-10-22",9.904,2.53
"1981-10-28",9.412,2.45
"1981-11-04",6.895,2.36
"1981-11-12",4.111,2.24
"1981-11-19",3.868,2.17
"1981-11-25",2.93,2.17
"1981-11-28",3.276,2.14
"1981-12-01",3.663,2.14
"1981-12-10",3.195,2.1
"1981-12-17",2.265,1.94
"1981-12-23",2.108,
"1981-12-30",1.35,1.93
"1982-01-06",1.78,1.87
"1982-01-13",1.342,1.79
"1982-01-22",0.533,1.62
"1982-01-29",0.827,1.6
"1982-05-10",0,1.12
"1982-06-12",0.72,1.15
"1982-06-18",4.883,1.45
"1982-06-24",8.557,1.62
"1982-06-29",10.624,
"1982-07-07",9.746,1.78
"1982-07-19",8.564,1.89
"1982-07-22",12,
"1982-07-27",19,1.99
"1982-08-02",17.513,2.04
"1982-08-09",19.514,2.05
"1982-08-16",18.641,2.06
"1982-08-22",18.771,
"1982-08-25",18.836,2.09
"1982-08-27",18.353,1.99
"1982-08-31",17.423,
"1982-09-09",13.859,2.05
"1982-09-27",6.367,1.94
"1982-10-08",5.426,1.8
"1982-10-15",2.096,1.81
"1982-10-20",4.601,1.81
"1982-11-03",1.443,1.73
"1982-11-12",1.463,1.63
"1982-11-19",1.078,1.56
"1982-11-25",1.097,1.6
"1982-12-03",0.762,1.53
"1982-12-09",1.036,1.53
"1982-12-22",0.424,
"1982-12-23",0.362,1.37
"1982-12-28",0.163,1.32
"1983-01-06",0.213,1.26
"1983-01-11",0.358,
"1983-01-21",0.276,1.11
"1983-01-25",0.246,1.11
"1983-02-02",0.212,1.07
"1983-02-12",0.054,
"1983-02-15",0.33,0.91
"1983-06-20",0,0
"1983-06-22",0.013,
"1983-06-24",0.556,1.03
"1983-06-29",1.246,1.11
"1983-06-30",1.44,1.12
"1983-07-01",1.665,1.12
"1983-07-04",2.46,1.18
"1983-07-05",2.822,1.19
"1983-07-07",3.559,1.22
"1983-07-08",3.862,1.24
"1983-07-11",4.815,1.29
"1983-07-12",5.552,
"1983-07-13",5.599,1.31
"1983-07-14",5.713,1.32
"1983-07-15",5.691,1.33
"1983-07-18",5.315,1.34
"1983-07-19",4.471,1.34
"1983-07-20",5.03,1.34
"1983-07-21",5.947,1.35
"1983-07-22",5.359,1.35
"1983-07-25",5.509,1.35
"1983-07-26",5.273,1.36
"1983-07-27",5.602,1.36
"1983-07-28",5.697,1.35
"1983-07-29",6.261,1.36
"1983-07-30",1.437,
"1983-08-01",5.856,1.36
"1983-08-03",6.614,1.36
"1983-08-04",6.772,1.36
"1983-08-05",6.146,1.36
"1983-08-08",5.869,1.37
"1983-08-09",6.722,1.37
"1983-08-10",6.265,1.37
"1983-08-11",6.319,1.37
"1983-08-12",5.958,1.37
"1983-08-16",6.447,1.38
"1983-08-17",6.354,1.38
"1983-08-18",6.371,1.39
"1983-08-20",6.042,
"1983-08-22",5.73,1.39
"1983-08-23",5.802,1.38
"1983-08-25",5.188,1.37
"1983-08-26",5.516,1.37
"1983-08-30",5.913,1.37
"1983-08-31",6.016,1.37
"1983-09-01",5.75,1.37
"1983-09-02",5.256,1.36
"1983-09-05",5.115,1.34
"1983-09-06",5.21,1.34
"1983-09-07",4.698,1.33
"1983-09-08",5.115,1.33
"1983-09-09",4.538,1.32
"1983-09-12",4.229,1.29
"1983-09-13",4.175,1.29
"1983-09-14",3.919,1.28
"1983-09-15",3.971,1.28
"1983-09-16",3.616,1.27
"1983-09-19",3.694,1.26
"1983-09-20",3.468,1.25
"1983-09-22",3.223,1.25
"1983-09-23",3.245,1.23
"1983-09-24",3.136,1.21
"1983-09-26",2.929,1.21
"1983-09-27",2.981,1.2
"1983-10-04",2.275,
"1983-10-05",2.236,
"1983-10-06",2.058,
"1983-10-07",2.062,
"1983-10-10",1.467,
"1983-10-11",1.788,
"1983-10-12",1.682,
"1983-10-13",1.666,
"1983-10-14",1.275,
"1983-10-17",1.366,
"1983-10-18",1.21,
"1983-10-20",1.439,
"1983-10-21",1.131,
"1983-10-24",1.032,
"1983-10-25",1.19,
"1983-10-26",0.863,
"1983-10-27",0.98,
"1983-10-28",1.101,
"1983-10-31",1.137,
"1983-11-01",0.851,
"1983-11-02",0.827,
"1983-11-03",0.826,
"1983-11-04",0.628,
"1983-11-07",0.626,
"1983-11-08",0.634,
"1983-11-09",0.569,
"1983-11-11",0.54,
"1983-11-15",0.436,
"1983-12-20",0.071,0
"1984-05-14",0,0
"1984-05-19",0.001,
"1984-05-23",0.677,
"1984-05-24",1.179,
"1984-05-25",2.512,
"1984-05-28",2.776,
"1984-05-29",2.418,
"1984-05-30",2.789,
"1984-05-31",3.454,
"1984-06-01",3.322,
"1984-06-04",3.891,
"1984-06-05",4.379,
"1984-06-06",4.175,
"1984-06-07",6.082,
"1984-06-08",5.152,
"1984-06-11",5.722,
"1984-06-12",5.135,
"1984-06-13",7.057,
"1984-06-14",7.152,
"1984-06-15",7.913,
"1984-06-18",8.999,
"1984-06-21",11.417,
"1984-06-25",12.183,
"1984-06-28",13.333,
"1984-07-03",18.416,
"1984-07-06",19.823,
"1984-07-09",20.514,
"1984-07-18",26.34,
"1984-07-23",25.28,
"1984-07-31",28.063,
"1984-08-10",25.284,
"1984-08-14",25.389,
"1984-08-21",17.934,
"1984-09-04",19.107,
"1984-09-11",22.917,
"1984-09-19",17.733,
"1984-09-30",17,
"1984-10-05",12.898,
"1984-10-11",13.901,
"1984-10-23",10.089,
"1984-11-01",8.355,
"1984-11-09",7.689,
"1984-11-13",7.694,
"1984-11-20",3.297,
"1984-11-27",4.593,
"1984-12-07",5.461,
"1984-12-13",4.72,
"1984-12-20",3.297,
"1984-12-28",2.857,
"1985-01-03",1.922,
"1985-01-14",1.572,
"1985-01-24",1.082,
"1985-02-01",0.871,
"1985-02-04",0.396,
"1985-02-14",0.698,
"1985-02-22",0.396,
"1985-02-28",0.252,
"1985-03-06",0.129,
"1985-03-19",0.213,
"1985-03-20",0.161,
"1985-04-03",0.061,
"1985-04-10",0.001,
"1985-07-08",1.086,
"1985-07-11",1.076,
"1985-07-17",2.667,
"1985-07-23",5.166,
"1985-07-24",5.736,
"1985-07-29",7.285,
"1985-07-30",7.365,
"1985-07-31",8.4,
"1985-08-02",8.384,
"1985-08-05",8.893,
"1985-08-06",9.24,
"1985-08-07",9.491,
"1985-08-08",9.335,
"1985-08-09",9.385,
"1985-08-12",9.514,
"1985-08-14",9.896,
"1985-08-16",9.797,
"1985-08-19",10.706,
"1985-08-20",10.735,
"1985-08-30",11.442,
"1985-09-08",12.584,
"1985-09-10",10.502,
"1985-09-12",8.872,
"1985-09-16",9.3,
"1985-09-19",8.457,
"1985-09-23",7.684,
"1985-10-02",7.749,
"1985-10-04",6.627,
"1985-10-09",6.281,
"1985-10-10",6.115,
"1985-10-14",5.163,
"1985-10-28",3.223,
"1985-11-01",1.963,
"1985-11-11",1.461,
"1985-11-19",0.962,
"1985-11-26",0.65,
"1985-12-04",0.414,
"1985-12-12",0.278,
"1985-12-19",0.295,
"1985-12-31",0.092,
"1986-01-07",0.076,
"1986-01-15",0.049,
"1986-02-05",0.064,
"1986-02-12",0.136,
"1986-02-25",0.001,
"1986-06-28",0,
"1986-07-01",5.94,
"1986-07-08",5.281,
"1986-07-23",16.558,
"1986-07-28",15.15,
"1986-08-05",13.855,
"1986-08-12",11.274,
"1986-08-19",10.214,
"1986-08-25",9.521,
"1986-09-06",8.049,
"1986-09-16",7.451,
"1986-09-17",7.418,
"1986-09-18",7.385,
"1986-09-19",7.352,
"1986-09-20",7.319,
"1986-09-21",7.286,
"1986-09-22",7.254,
"1986-09-23",7.222,
"1986-09-24",7.19,
"1986-09-25",7.158,
"1986-09-26",7.126,
"1986-09-27",7.094,
"1986-09-28",7.063,
"1986-09-29",7.031,
"1986-09-30",7,
"1986-10-01",6,
"1986-10-02",5.836,
"1986-10-03",5.676,
"1986-10-04",5.52,
"1986-10-09",5.629,
"1986-11-01",4.018,
"1986-11-03",4.017,
"1986-11-19",3.549,
"1986-11-24",1.153,
"1986-12-30",1.033,
"1987-02-04",0.996,
"1987-02-09",0.19,
"1987-06-24",0,
"1987-06-29",1.923,
"1987-06-30",2.042,
"1987-07-03",2.898,
"1987-07-10",4.909,
"1987-07-13",6.258,
"1987-07-14",5.626,
"1987-07-15",5.559,
"1987-07-16",7.147,
"1987-07-28",7.255,
"1987-07-30",7.795,
"1987-08-03",7.033,
"1987-08-10",6.27,
"1987-08-19",5.002,
"1987-08-26",4.069,
"1987-09-03",4.367,
"1987-09-17",3.166,
"1987-09-26",2.002,
"1987-09-28",1.712,
"1987-10-02",1.313,1.06
"1987-10-09",0.761,0.91
"1987-10-20",0.733,0.83
"1987-10-26",0.325,0.81
"1987-11-06",0.103,0.65
"1987-11-30",0,0
"1988-07-15",0,0
"1988-07-22",0.674,0.79
"1988-07-25",3.062,1.03
"1988-07-26",3.255,1.07
"1988-07-27",3.461,1.11
"1988-07-28",3.68,1.14
"1988-07-29",3.912,1.16
"1988-08-01",4.702,1.23
"1988-08-08",,1.33
"1988-08-16",,1.4
"1988-08-24",7.537,1.47
"1988-08-30",7.394,1.52
"1988-09-06",7.203,1.54
"1988-09-13",8.613,1.56
"1988-09-26",7.003,1.64
"1988-10-05",5.72,1.73
"1988-10-13",4.249,1.8
"1988-10-18",3.688,1.83
"1988-10-19",3.166,1.84
"1988-10-20",3.117,1.84
"1988-10-31",2.622,1.83
"1988-11-04",1.894,1.8
"1988-11-17",1.446,1.68
"1988-11-24",1.364,
"1988-11-25",1.361,1.58
"1988-11-30",1.344,1.5
"1988-12-06",0.742,1.43
"1988-12-14",0.346,1.36
"1988-12-23",0.132,1.3
"1988-12-30",0.285,1.23
"1989-01-17",0.723,1.64
"1989-01-26",1.269,1.6
"1989-02-02",1.402,1.6
"1989-02-09",1.548,1.57
"1989-02-22",1.318,1.65
"1989-02-28",2.997,1.84
"1989-03-06",3.231,1.93
"1989-03-12",4.089,
"1989-03-13",4.094,1.99
"1989-03-28",4.171,2.03
"1989-04-05",5.063,2.08
"1989-04-06",5.189,2.08
"1989-04-13",6.16,2.09
"1989-04-21",5.902,2.17
"1989-04-27",7.28,2.29
"1989-05-05",8.881,2.36
"1989-05-12",9.753,2.42
"1989-05-18",11.348,2.42
"1989-05-30",14.148,2.5
"1989-06-09",16.274,2.55
"1989-06-13",15.009,2.55
"1989-06-30",17.082,2.55
"1989-07-11",17.586,2.55
"1989-07-21",18.788,2.53
"1989-07-28",16.89,2.52
"1989-08-01",18.24,2.51
"1989-08-07",18.241,2.5
"1989-08-18",18.744,2.52
"1989-08-22",18.861,2.53
"1989-09-01",19.609,2.53
"1989-09-07",19.259,2.52
"1989-09-11",18.275,2.49
"1989-09-18",16.85,2.47
"1989-09-28",15.055,2.42
"1989-10-01",12.01,
"1989-10-02",12.02,
"1989-10-03",12.03,
"1989-10-04",12.041,
"1989-10-05",12.051,
"1989-10-06",12.062,
"1989-10-07",12.073,
"1989-10-08",12.083,
"1989-10-09",12.094,
"1989-10-10",12.105,
"1989-10-11",12.115,
"1989-10-12",12.126,
"1989-10-13",12.136,
"1989-10-14",12.147,
"1989-10-15",12.158,
"1989-10-16",12.168,
"1989-10-17",12.179,
"1989-10-18",12.189,
"1989-10-19",12.2,
"1989-10-20",12.21,
"1989-10-21",12.221,
"1989-10-22",12.231,
"1989-10-23",12.242,2.26
"1989-11-09",9.705,2.14
"1989-11-15",9.343,2.12
"1989-11-23",6.142,2.2
"1989-11-27",6.229,1.98
"1989-12-06",5.965,1.9
"1989-12-15",4.59,1.8
"1989-12-21",3.724,1.72
"1989-12-29",2.881,1.61
"1990-01-04",2.068,1.56
"1990-01-11",2.212,1.53
"1990-01-17",1.865,1.47
"1990-01-24",1.403,1.46
"1990-02-02",1.409,1.41
"1990-02-07",1.442,1.37
"1990-02-15",1.08,1.32
"1990-02-20",1.18,1.33
"1990-02-27",0.975,1.26
"1990-03-07",0.87,1.23
"1990-03-14",0.857,1.2
"1990-03-21",0.852,1.16
"1990-03-27",0.886,1.14
"1990-04-02",0.857,1.1
"1990-04-12",0.58,1.05
"1990-04-18",0.548,1.01
"1990-04-26",0.438,0.96
"1990-05-04",0.366,0.92
"1990-05-09",0.363,0.89
"1990-05-15",0.313,0.86
"1990-05-21",0.218,0.84
"1990-05-31",0.164,0.8
"1990-06-05",0.156,0.78
"1990-06-12",0.215,0.77
"1990-06-19",0.221,0.78
"1990-06-27",0.278,0.82
"1990-06-29",0.336,0.83
"1990-07-02",0.445,0.85
"1990-07-10",1.39,1.12
"1990-07-18",6.093,1.51
"1990-07-24",7.557,1.69
"1990-07-31",9.628,1.82
"1990-08-10",10.914,1.89
"1990-08-14",10.649,1.89
"1990-08-24",10.86,1.92
"1990-08-30",10.019,1.92
"1990-08-31",9.961,
"1990-09-04",9.732,1.91
"1990-09-10",8.956,1.89
"1990-09-18",8.456,1.89
"1990-09-26",7.715,1.85
"1990-09-27",7.711,
"1990-09-28",7.707,
"1990-09-29",7.703,
"1990-09-30",7.7,
"1990-10-01",7.7,
"1990-10-02",7.391,
"1990-10-03",7.095,
"1990-10-04",6.81,
"1990-10-05",6.537,1.79
"1990-10-11",5.911,1.75
"1990-10-18",4.963,1.68
"1990-10-26",4.011,1.59
"1990-11-01",3.007,1.5
"1990-11-07",2.467,1.41
"1990-11-15",1.406,1.28
"1990-11-22",1.019,1.2
"1990-11-28",0.922,1.15
"1990-12-06",0.798,1.1
"1990-12-12",0.746,1.06
"1990-12-20",0.356,
"1990-12-24",0.505,0.94
"1990-12-31",0.437,0.88
"1991-01-07",0.372,0.85
"1991-01-16",0.278,0.76
"1991-01-25",0.186,0.74
"1991-02-06",0.383,0.78
"1991-02-12",0.636,0.91
"1991-02-21",1.216,1.05
"1991-03-05",0.836,1.01
"1991-03-14",0.716,0.96
"1991-03-20",0.705,0.96
"1991-03-28",1.258,1.15
"1991-04-05",1.299,1.18
"1991-04-09",1.19,1.16
"1991-04-17",1.188,1.13
"1991-04-24",1.08,1.12
"1991-05-02",0.845,1.11
"1991-05-10",0.895,1.1
"1991-05-14",1.032,1.1
"1991-05-21",1.36,1.13
"1991-06-05",1.612,1.22
"1991-06-11",1.717,
"1991-06-16",1.81,
"1991-06-18",1.848,1.32
"1991-06-26",2.254,1.37
"1991-07-02",2.693,1.42
"1991-07-09",3.462,1.46
"1991-07-19",4.176,1.52
"1991-07-25",4.178,1.57
"1991-08-01",4.99,1.62
"1991-08-08",6.022,1.67
"1991-08-16",6.038,1.71
"1991-08-22",6.349,1.74
"1991-08-30",6.692,1.77
"1991-09-07",5.795,1.77
"1991-09-12",6.414,1.77
"1991-09-19",5.835,1.75
"1991-09-27",4.05,1.68
"1991-09-28",3.98,
"1991-09-29",3.912,
"1991-09-30",3.845,
"1991-10-01",3.845,
"1991-10-02",3.841,
"1991-10-03",3.837,1.65
"1991-10-09",3.745,1.62
"1991-10-17",3.645,1.55
"1991-10-24",3.451,1.5
"1991-10-31",2.805,1.43
"1991-11-13",2.141,1.38
"1991-11-21",2.008,1.35
"1991-11-28",1.703,1.29
"1991-12-05",1.284,1.2
"1991-12-12",1.105,1.14
"1991-12-20",0.995,1.07
"1991-12-27",1.046,1.11
"1992-01-03",1.077,1.34
"1992-01-10",0.8,1.06
"1992-01-17",0.603,1.08
"1992-01-29",0.434,0.97
"1992-02-04",0.459,0.92
"1992-02-11",0.263,0.85
"1992-02-18",0.189,0.78
"1992-02-25",0.113,0.68
"1992-03-02",0.017,0.61
"1992-05-25",0,0
"1992-06-01",0.583,0.72
"1992-06-09",2.14,1.01
"1992-06-16",3.317,1.19
"1992-06-23",4.029,1.27
"1992-07-02",4.81,1.37
"1992-07-08",7.174,1.43
"1992-07-16",7.281,1.52
"1992-07-23",9.043,1.58
"1992-07-29",9.044,1.62
"1992-08-04",9.062,1.65
"1992-08-11",8.184,
"1992-08-18",8.023,1.71
"1992-08-24",7.697,1.74
"1992-09-03",6.09,1.74
"1992-09-10",6.735,
"1992-09-17",4.482,
"1992-09-24",3.983,
"1992-10-02",3.495,1.69
"1992-10-07",2.95,1.64
"1992-10-15",2.173,1.56
"1992-10-22",1.484,1.49
"1992-10-26",1.729,1.45
"1992-11-05",1.255,1.39
"1992-11-12",1.118,1.35
"1992-11-19",0.678,1.29
"1992-11-25",0.56,1.23
"1992-12-02",0.5,1.15
"1992-12-11",0.324,1.09
"1992-12-16",0.318,1.04
"1992-12-24",0.314,1
"1992-12-30",0.303,0.94
"1993-01-07",0.144,0.85
"1993-01-12",0.115,0.83
"1993-01-19",0.082,0.74
"1993-01-26",0.026,0.68
"1993-02-03",0.02,0.65
"1993-02-10",0.127,0.77
"1993-02-17",0.096,0.74
"1993-02-24",0.049,0.71
"1993-03-03",0.027,0.66
"1993-03-07",0.001,
"1993-03-10",,
"1993-03-17",,
"1993-06-28",0,0
"1993-07-24",0.093,0.64
"1993-07-28",0.122,0.66
"1993-08-02",0.137,0.68
"1993-08-09",0.27,0.71
"1993-08-17",0.455,0.76
"1993-08-24",0.652,0.84
"1993-08-31",0.745,0.89
"1993-09-09",0.881,0.92
"1993-09-14",0.985,0.93
"1993-09-22",0.886,0.95
"1993-09-27",0.829,0.97
"1993-09-28",0.85,
"1993-10-04",,1.03
"1993-10-05",0.748,
"1993-10-06",0.731,
"1993-10-07",0.715,
"1993-10-08",0.699,
"1993-10-09",0.683,
"1993-10-10",0.668,
"1993-10-11",0.653,1.01
"1993-10-12",0.639,
"1993-10-13",0.611,
"1993-10-14",0.584,
"1993-10-15",0.558,
"1993-10-16",0.533,
"1993-10-17",0.509,
"1993-10-18",0.487,0.99
"1993-10-19",0.465,
"1993-10-20",0.462,
"1993-10-21",0.459,
"1993-10-22",0.456,
"1993-10-23",0.453,
"1993-10-24",0.451,
"1993-10-25",0.448,0.96
"1993-10-26",0.446,
"1993-10-27",0.443,
"1993-10-28",0.441,
"1993-10-29",0.423,
"1993-10-30",0.406,
"1993-10-31",0.39,
"1993-11-01",0.374,
"1993-11-02",0.359,0.92
"1993-11-03",0.345,
"1993-11-04",0.33,
"1993-11-05",0.315,
"1993-11-06",0.301,
"1993-11-07",0.288,
"1993-11-08",0.275,
"1993-11-09",0.263,
"1993-11-10",0.252,0.88
"1993-11-11",0.242,
"1993-11-12",0.232,
"1993-11-13",0.222,
"1993-11-14",0.213,
"1993-11-15",0.204,0.83
"1993-11-16",0.196,
"1993-11-17",0.188,
"1993-11-18",0.18,
"1993-11-19",0.172,
"1993-11-20",0.164,
"1993-11-21",0.157,
"1993-11-22",0.15,
"1993-11-23",0.143,
"1993-11-24",0.136,0.8
"1993-11-25",0.136,
"1993-11-26",0.136,
"1993-11-27",0.136,
"1993-11-28",0.136,
"1993-11-29",0.136,0.76
"1993-11-30",0.139,
"1993-12-01",0.142,
"1993-12-02",0.145,
"1993-12-03",0.148,
"1993-12-04",0.151,
"1993-12-05",0.154,
"1993-12-06",0.157,
"1993-12-07",0.16,0.74
"1993-12-08",0.147,
"1993-12-09",0.135,
"1993-12-10",0.124,
"1993-12-11",0.113,
"1993-12-12",0.104,
"1993-12-13",0.095,
"1993-12-14",0.087,0.69
"1993-12-15",0.073,
"1993-12-16",0.062,
"1993-12-17",0.052,
"1993-12-18",0.044,
"1993-12-19",0.037,
"1993-12-20",0.031,
"1993-12-21",0.026,
"1993-12-22",0.022,0.64
"1993-12-23",0.027,
"1993-12-24",0.033,
"1993-12-25",0.041,
"1993-12-26",0.051,
"1993-12-27",0.063,
"1993-12-28",0.078,
"1993-12-29",0.097,0.58
"1993-12-30",0.12,
"1993-12-31",0.148,
"1994-01-01",0.166,
"1994-01-02",0.186,
"1994-01-03",0.208,
"1994-01-04",0.232,
"1994-01-05",0.259,0.49
"1994-01-06",0.236,
"1994-01-07",0.215,
"1994-01-08",0.196,
"1994-01-09",0.179,
"1994-01-10",0.163,
"1994-01-11",0.148,
"1994-01-12",0.135,
"1994-01-13",0.123,
"1994-01-14",0.112,
"1994-01-15",0.107,
"1994-01-16",0.102,
"1994-01-17",0.097,
"1994-01-18",0.092,
"1994-01-19",0.088,
"1994-01-20",0.109,
"1994-01-21",0.135,
"1994-01-22",0.167,
"1994-01-23",0.207,
"1994-01-24",0.257,
"1994-01-25",0.319,
"1994-01-26",0.396,
"1994-01-27",0.492,
"1994-01-28",0.529,
"1994-01-29",0.569,
"1994-01-30",0.612,
"1994-01-31",0.658,
"1994-02-01",0.708,
"1994-02-02",0.761,
"1994-02-03",0.819,
"1994-02-04",0.782,
"1994-02-05",0.746,
"1994-02-06",0.712,
"1994-02-07",0.68,
"1994-02-08",0.649,
"1994-02-09",0.619,
"1994-02-10",0.587,
"1994-02-11",0.557,
"1994-02-12",0.528,
"1994-02-13",0.501,
"1994-02-14",0.475,
"1994-02-15",0.451,
"1994-02-16",0.428,
"1994-02-17",0.406,
"1994-02-18",0.4,
"1994-02-19",0.394,
"1994-02-20",0.388,
"1994-02-21",0.382,
"1994-02-22",0.376,
"1994-02-23",0.37,
"1994-02-24",0.364,
"1994-02-25",0.35,
"1994-02-26",0.337,
"1994-02-27",0.324,
"1994-02-28",0.312,
"1994-03-01",0.3,
"1994-03-02",0.289,
"1994-03-03",0.292,
"1994-03-04",0.295,
"1994-03-05",0.298,
"1994-03-06",0.301,
"1994-03-07",0.303,
"1994-03-08",0.306,
"1994-03-09",0.293,
"1994-03-10",0.28,
"1994-03-11",0.268,
"1994-03-12",0.257,
"1994-03-13",0.246,
"1994-03-14",0.235,
"1994-03-15",0.225,
"1994-03-16",0.215,
"1994-03-17",0.206,
"1994-03-18",0.207,
"1994-03-19",0.208,
"1994-03-20",0.209,
"1994-03-21",0.211,
"1994-03-22",0.212,
"1994-03-23",0.214,
"1994-03-24",0.199,
"1994-03-25",0.185,
"1994-03-26",0.172,
"1994-03-27",0.16,
"1994-03-28",0.149,
"1994-03-29",0.138,
"1994-03-30",0.128,
"1994-03-31",0.118,
"1994-04-01",0.109,
"1994-04-02",0.101,
"1994-04-03",0.093,
"1994-04-04",0.086,
"1994-04-05",0.08,
"1994-04-06",0.074,
"1994-04-07",0.07,
"1994-04-08",0.066,
"1994-04-09",0.062,
"1994-04-10",0.059,
"1994-04-11",0.056,
"1994-04-12",0.053,
"1994-04-13",0.024,
"1994-04-14",0.011,
"1994-04-15",0.005,
"1994-04-16",0.002,
"1994-04-17",0.001,0
"1994-06-09",0.001,0
"1994-06-10",0.002,
"1994-06-11",0.004,
"1994-06-12",0.009,
"1994-06-13",0.02,
"1994-06-14",0.044,
"1994-06-15",0.049,
"1994-06-16",0.054,
"1994-06-17",0.06,
"1994-06-18",0.066,
"1994-06-19",0.073,
"1994-06-20",0.081,
"1994-06-21",0.09,
"1994-06-22",0.099,
"1994-06-23",0.099,
"1994-06-24",0.099,
"1994-06-25",0.099,
"1994-06-26",0.099,
"1994-06-27",0.099,
"1994-06-28",0.099,
"1994-06-29",0.1,
"1994-06-30",0.109,
"1994-07-01",0.118,
"1994-07-02",0.128,
"1994-07-03",0.139,
"1994-07-04",0.151,
"1994-07-05",0.164,
"1994-07-06",0.179,
"1994-07-07",0.188,
"1994-07-08",0.197,
"1994-07-09",0.207,
"1994-07-10",0.217,
"1994-07-11",0.227,
"1994-07-12",0.238,
"1994-07-13",0.247,
"1994-07-14",0.256,
"1994-07-15",0.265,
"1994-07-16",0.275,
"1994-07-17",0.285,
"1994-07-18",0.295,
"1994-07-19",0.306,
"1994-07-20",0.317,
"1994-07-21",0.329,
"1994-07-22",0.332,
"1994-07-23",0.335,
"1994-07-24",0.338,
"1994-07-25",0.341,
"1994-07-26",0.344,
"1994-07-27",0.348,
"1994-07-28",0.374,
"1994-07-29",0.402,
"1994-07-30",0.432,
"1994-07-31",0.464,
"1994-08-01",0.499,
"1994-08-02",0.536,0.84
"1994-08-03",0.576,
"1994-08-04",0.619,
"1994-08-05",0.629,
"1994-08-06",0.639,
"1994-08-07",0.649,
"1994-08-08",0.66,
"1994-08-09",0.671,0.81
"1994-08-10",0.697,0.81
"1994-08-11",0.724,0.83
"1994-08-12",0.752,
"1994-08-13",0.781,
"1994-08-14",0.811,0.82
"1994-08-15",0.842,
"1994-08-16",0.875,0.82
"1994-08-17",0.909,
"1994-08-18",0.896,0.82
"1994-08-19",0.883,
"1994-08-20",0.87,
"1994-08-21",0.857,0.83
"1994-08-22",0.844,
"1994-08-23",0.832,0.83
"1994-08-24",0.82,
"1994-08-25",0.819,0.85
"1994-08-26",0.818,
"1994-08-27",0.817,
"1994-08-28",0.816,0.87
"1994-08-29",0.816,
"1994-08-30",0.815,0.89
"1994-08-31",0.815,
"1994-09-01",0.871,0.9
"1994-09-02",0.876,
"1994-09-03",0.881,
"1994-09-04",0.887,0.9
"1994-09-05",0.892,
"1994-09-06",0.898,0.9
"1994-09-07",0.887,
"1994-09-08",0.877,0.9
"1994-09-09",0.867,
"1994-09-10",0.857,
"1994-09-11",0.846,
"1994-09-12",0.836,
"1994-09-13",0.86,0.92
"1994-09-14",0.884,
"1994-09-15",0.909,0.92
"1994-09-16",0.935,
"1994-09-17",0.962,
"1994-09-18",0.989,0.9
"1994-09-19",1.017,
"1994-09-20",0.984,
"1994-09-21",0.952,
"1994-09-22",0.921,0.9
"1994-09-23",0.891,
"1994-09-24",0.862,
"1994-09-25",0.834,0.89
"1994-09-26",0.806,
"1994-09-27",0.779,0.89
"1994-09-28",0.754,
"1994-09-29",0.729,0.88
"1994-10-04",0.869,
"1994-10-05",0.835,0.86
"1994-10-06",0.802,0.85
"1994-10-07",0.771,
"1994-10-08",0.741,
"1994-10-09",0.712,0.83
"1994-10-10",0.684,
"1994-10-11",0.658,0.81
"1994-10-12",0.637,
"1994-10-13",0.617,0.79
"1994-10-14",0.597,
"1994-10-15",0.578,
"1994-10-16",0.56,0.76
"1994-10-17",0.542,0.75
"1994-10-18",0.525,
"1994-10-19",0.517,
"1994-10-20",0.51,0.72
"1994-10-21",0.503,
"1994-10-22",0.496,
"1994-10-23",0.489,
"1994-10-24",0.481,
"1994-10-25",0.474,0.67
"1994-10-26",0.455,
"1994-10-27",0.437,0.64
"1994-10-28",0.42,
"1994-10-29",0.404,
"1994-10-30",0.388,0.62
"1994-10-31",0.373,
"1994-11-01",0.358,0.62
"1994-11-02",0.344,
"1994-11-03",0.333,0.59
"1994-11-04",0.322,
"1994-11-05",0.312,
"1994-11-06",0.302,0.56
"1994-11-07",0.293,
"1994-11-08",0.284,0.53
"1994-11-09",0.275,
"1994-11-10",0.266,0.51
"1994-11-11",0.239,
"1994-11-12",0.215,
"1994-11-13",0.194,0.46
"1994-11-14",0.175,
"1994-11-15",0.157,0.41
"1994-11-16",0.156,
"1994-11-17",0.155,0.35
"1994-11-18",0.155,
"1994-11-19",0.154,
"1994-11-20",0.154,0.36
"1994-11-21",0.153,
"1994-11-22",0.153,0.27
"1994-11-23",0.152,
"1994-11-24",0.152,
"1994-11-25",0.159,
"1994-11-26",0.166,
"1994-11-27",0.174,
"1994-11-28",0.182,
"1994-11-29",0.19,
"1994-11-30",0.18,
"1994-12-01",0.171,
"1994-12-02",0.163,
"1994-12-03",0.155,
"1994-12-04",0.147,
"1994-12-05",0.14,
"1994-12-06",0.133,
"1994-12-07",0.126,
"1994-12-08",0.117,
"1994-12-09",0.109,
"1994-12-10",0.101,
"1994-12-11",0.094,
"1994-12-12",0.087,
"1994-12-13",0.081,
"1994-12-14",0.075,
"1994-12-15",0.06,
"1994-12-16",0.048,
"1994-12-17",0.039,
"1994-12-18",0.031,
"1994-12-19",0.025,
"1994-12-20",0.02,
"1994-12-21",0.016,
"1994-12-22",0.013,
"1994-12-23",0.012,
"1994-12-24",0.011,
"1994-12-25",0.01,
"1994-12-26",0.009,
"1994-12-27",0.009,
"1994-12-28",0.008,
"1994-12-29",0.008,
"1995-01-20",0,0
"1995-07-20",0,0
"1995-07-23",0.001,
"1995-07-24",0.002,
"1995-07-25",0.004,
"1995-07-26",0.008,
"1995-07-27",0.015,
"1995-07-28",0.028,
"1995-07-29",0.052,
"1995-07-30",0.097,
"1995-07-31",0.182,
"1995-08-01",0.341,
"1995-08-02",0.639,
"1995-08-03",0.709,
"1995-08-04",0.786,
"1995-08-05",0.872,
"1995-08-06",0.967,
"1995-08-07",1.072,
"1995-08-08",1.189,
"1995-08-09",1.281,
"1995-08-10",1.355,
"1995-08-11",1.405,
"1995-08-12",1.36,
"1995-08-13",1.316,
"1995-08-14",1.274,
"1995-08-15",1.262,
"1995-08-16",1.25,
"1995-08-17",1.266,
"1995-08-18",1.283,
"1995-08-19",1.287,
"1995-08-20",1.29,
"1995-08-21",1.294,
"1995-08-22",1.226,
"1995-08-23",1.161,
"1995-08-24",1.253,
"1995-08-25",1.352,
"1995-08-26",1.359,
"1995-08-27",1.366,
"1995-08-28",1.374,
"1995-08-29",1.5,
"1995-08-30",1.637,
"1995-08-31",1.697,
"1995-09-01",1.759,
"1995-09-02",1.691,
"1995-09-03",1.626,
"1995-09-04",1.563,
"1995-09-05",1.533,
"1995-09-06",1.504,
"1995-09-07",1.477,
"1995-09-08",1.451,
"1995-09-09",1.479,
"1995-09-10",1.508,
"1995-09-11",1.537,
"1995-09-12",1.567,
"1995-09-13",1.598,
"1995-09-14",1.568,
"1995-09-15",1.538,
"1995-09-16",1.337,
"1995-09-17",1.162,
"1995-09-18",1.01,
"1995-09-19",1.003,
"1995-09-20",0.997,
"1995-09-21",0.99,
"1995-09-22",0.984,
"1995-09-23",0.857,
"1995-09-24",0.746,
"1995-09-25",0.65,
"1995-09-26",0.661,
"1995-09-27",0.672,
"1995-09-28",0.662,
"1995-09-29",0.653,
"1995-10-05",0.456,
"1995-10-06",0.41,
"1995-10-07",0.372,
"1995-10-08",0.337,
"1995-10-09",0.306,
"1995-10-10",0.305,
"1995-10-11",0.304,
"1995-10-12",0.25,
"1995-10-13",0.205,
"1995-10-14",0.181,
"1995-10-15",0.16,
"1995-10-16",0.142,
"1995-10-17",0.084,
"1995-10-18",0.097,
"1995-10-19",0.112,
"1995-10-20",0.13,
"1995-10-21",0.114,
"1995-10-22",0.099,
"1995-10-23",0.086,
"1995-10-24",0.075,
"1995-10-25",0.066,
"1995-10-26",0.028,
"1995-10-27",0.012,
"1995-10-28",0.011,
"1995-10-29",0.01,
"1995-10-30",0.009,
"1995-10-31",0.017,
"1995-11-01",0.031,
"1995-11-02",0.015,
"1995-11-03",0.007,
"1995-11-04",0.007,
"1995-11-05",0.007,
"1995-11-06",0.007,
"1995-11-07",0.006,
"1995-11-08",0.005,
"1997-09-01",0.001,
"1997-09-02",0.002,
"1997-09-03",0.002,
"1997-09-04",0.005,
"1997-09-05",0.007,
"1997-09-07",0.012,
"1997-09-08",0.015,
"1997-09-09",0.017,
"1997-09-10",0.019,
"1997-09-11",0.02,
"1997-09-12",0.021,
"1997-09-13",0.022,
"1997-09-14",0.023,
"1997-09-15",0.024,
"1997-09-16",0.025,
"1997-09-17",0.027,
"1997-09-18",0.029,
"1997-09-19",0.031,0.588
"1997-09-22",0.087,0.598
"1997-09-23",0.036,0.59
"1997-09-24",0.028,0.574
"1997-09-25",0.057,0.575
"1997-09-26",0.049,0.56
"1997-09-27",0.04,
"1997-09-28",0.038,
"1997-09-29",0.031,0.524
"1997-09-30",0.03,
"1997-10-02",0,0.49
"1997-10-09",0,0.24
"1998-06-25",0,0
"1998-07-02",0.002,
"1998-07-03",0.003,
"1998-07-04",0.004,
"1998-07-05",0.006,
"1998-07-06",0.007,
"1998-07-07",0.08,
"1998-07-08",0.09,
"1998-07-09",0.1,
"1998-07-10",0.12,
"1998-07-11",0.14,
"1998-07-12",0.15,
"1998-07-13",0.165,
"1998-07-14",0.17,
"1998-07-15",0.195,
"1998-07-16",0.2,
"1998-07-17",0.23,
"1998-07-18",0.25,
"1998-07-19",0.26,
"1998-07-20",0.28,
"1998-07-21",0.29,
"1998-07-22",0.3,
"1998-07-23",0.32,
"1998-07-24",0.34,
"1998-07-25",0.35,
"1998-07-26",0.39,
"1998-07-27",0.4,0.4
"1998-07-28",0.45,
"1998-07-29",0.476,0.876
"1998-07-30",2,
"1998-07-31",1.332,0.98
"1998-08-01",1.5,
"1998-08-02",1.55,
"1998-08-03",1.6,0.99
"1998-08-04",1.7,
"1998-08-05",1.753,1.09
"1998-08-06",1.8,
"1998-08-07",1.919,1.101
"1998-08-08",1.95,
"1998-08-09",2,
"1998-08-10",2.099,1.101
"1998-08-11",1.9,
"1998-08-12",1.708,1.14
"1998-08-13",1.8,
"1998-08-14",1.873,1.126
"1998-08-15",1.8,
"1998-08-16",1.5,
"1998-08-17",1.304,1.12
"1998-08-18",1.31,
"1998-08-19",1.341,0.98
"1998-08-20",1.3,0.972
"1998-08-21",1.25,0.962
"1998-08-22",1.22,
"1998-08-23",1.2,
"1998-08-24",1.114,0.938
"1998-08-25",1.113,
"1998-08-26",1.1,0.935
"1998-08-27",1.08,
"1998-08-28",1.02,0.943
"1998-08-29",1.01,
"1998-08-30",0.995,
"1998-08-31",0.96,
"1998-09-01",0.953,0.92
"1998-09-02",0.93,
"1998-09-03",0.91,0.9
"1998-09-04",0.887,
"1998-09-05",0.85,
"1998-09-06",0.82,
"1998-09-07",0.8,
"1998-09-08",0.753,0.863
"1998-09-09",0.725,
"1998-09-10",0.7,
"1998-09-11",0.521,
"1998-09-12",0.51,
"1998-09-13",0.505,
"1998-09-14",0.499,0.825
"1998-09-15",0.48,
"1998-09-16",0.46,
"1998-09-17",0.499,0.8
"1998-09-18",0.499,0.792
"1998-09-19",0.35,
"1998-09-20",0.3,
"1998-09-21",0.499,0.765
"1998-09-22",0.29,
"1998-09-23",0.499,0.741
"1998-09-24",0.25,
"1998-09-25",0.232,0.73
"1998-09-26",0.21,
"1998-09-27",0.2,
"1998-09-28",0.175,0.695
"1998-09-29",,
"1998-10-01",0.065,0.67
"1998-10-02",0.06,0.652
"1998-10-03",0.055,
"1998-10-04",0.05,
"1998-10-05",0.045,0.61
"1998-10-06",0.04,
"1998-10-07",0.039,
"1998-10-08",0.038,
"1998-10-09",0.035,
"1998-10-10",0.03,
"1998-10-11",0.028,
"1998-10-12",0.025,0.502
"1998-10-13",0.022,
"1998-10-14",0.02,0.455
"1998-10-15",0.018,
"1998-10-16",0.015,0.415
"1998-10-17",0.012,
"1998-10-18",0.01,
"1998-10-19",0.008,0.25
"1998-10-20",0.005,0.21
"1998-10-21",0,0.184
"1998-10-23",0,0.101
"1998-10-30",0,0
"1999-07-10",0,0
"1999-07-16",0.005,
"1999-07-17",0.008,
"1999-07-18",0.1,
"1999-07-19",0.2,
"1999-07-20",0.3,
"1999-07-21",0.35,
"1999-07-22",0.383,0.717
"1999-07-23",1.302,0.857
"1999-07-24",1.562,0.886
"1999-07-25",2.028,0.893
"1999-07-26",1.844,0.87
"1999-07-27",1.717,0.879
"1999-07-28",1.918,0.89
"1999-07-29",1.795,0.9
"1999-07-30",1.65,
"1999-07-31",1.84,
"1999-08-01",1.85,
"1999-08-02",1.899,0.92
"1999-08-03",1.65,0.918
"1999-08-04",1.844,0.923
"1999-08-05",1.765,0.922
"1999-08-06",1.781,0.922
"1999-08-07",1.83,
"1999-08-08",1.85,
"1999-08-09",1.88,
"1999-08-10",1.917,0.91
"1999-08-11",1.977,0.915
"1999-08-12",1.955,0.913
"1999-08-13",1.841,0.905
"1999-08-14",1.841,
"1999-08-15",1.842,
"1999-08-16",1.843,0.898
"1999-08-17",1.836,0.892
"1999-08-18",1.746,0.892
"1999-08-19",1.559,0.892
"1999-08-20",1.559,
"1999-08-21",1.6,
"1999-08-22",1.605,
"1999-08-23",1.611,0.892
"1999-08-24",1.533,0.888
"1999-08-25",1.588,0.892
"1999-08-26",1.531,0.902
"1999-08-27",1.412,0.9
"1999-08-28",1.45,
"1999-08-29",1.452,0.899
"1999-08-30",1.299,0.89
"1999-08-31",1.321,0.892
"1999-09-01",1.219,0.891
"1999-09-02",1.35,
"1999-09-03",1.431,0.892
"1999-09-04",1.33,
"1999-09-05",1.2,
"1999-09-06",1.169,0.873
"1999-09-07",1.1,
"1999-09-08",0.939,0.855
"1999-09-09",0.687,0.827
"1999-09-10",0.755,0.834
"1999-09-11",0.8,
"1999-09-12",0.84,
"1999-09-13",0.89,0.827
"1999-09-14",0.932,0.82
"1999-09-15",0.802,0.819
"1999-09-16",0.76,
"1999-09-17",0.619,0.81
"1999-09-18",0.69,
"1999-09-19",0.716,0.802
"1999-09-20",0.677,0.795
"1999-09-21",0.62,
"1999-09-22",0.58,
"1999-09-23",0.5,
"1999-09-24",0.302,0.772
"1999-09-25",0.32,
"1999-09-26",0.35,
"1999-09-27",0.401,0.752
"1999-09-28",0.39,
"1999-09-29",0.36,
"1999-09-30",0.32,
"1999-10-01",0.3,
"1999-10-02",0.295,
"1999-10-03",0.29,
"1999-10-04",0.285,
"1999-10-05",0.278,0.702
"1999-10-06",0.275,0.69
"1999-10-07",0.272,0.686
"1999-10-08",0.27,0.678
"1999-10-09",0.268,
"1999-10-10",0.265,
"1999-10-11",0.258,0.65
"1999-10-12",0.175,0.638
"1999-10-13",0.16,
"1999-10-14",0.141,0.62
"1999-10-15",0.13,0.61
"1999-10-16",0.125,
"1999-10-17",0.12,
"1999-10-18",0.121,0.585
"1999-10-19",0.11,0.57
"1999-10-20",0.1,
"1999-10-21",0.089,0.57
"1999-10-22",0.08,
"1999-10-23",0.078,
"1999-10-24",0.076,
"1999-10-25",0.075,
"1999-10-26",0.07,
"1999-10-27",0.009,0.522
"1999-10-28",0.008,
"1999-10-29",0.007,
"1999-10-30",0.007,
"1999-10-31",0.006,
"1999-11-01",0.005,0.423
"1999-11-02",0.004,
"1999-11-03",0.003,0.353
"1999-11-04",0.002,
"1999-11-05",0.001,0.268
"1999-11-08",0,
"1999-11-09",0,0.15
"1999-11-10",0,0.118
"1999-11-11",0,0.09
"1999-11-21",0,0
"2000-05-25",0,0
"2000-05-29",0.001,0.1
"2000-05-30",0.002,
"2000-05-31",0.004,
"2000-06-01",0.05,
"2000-06-02",0.06,
"2000-06-03",0.065,
"2000-06-04",0.07,
"2000-06-05",0.078,
"2000-06-06",0.081,
"2000-06-07",0.061,0.642
"2000-06-08",0.096,0.7
"2000-06-09",0.172,0.73
"2000-06-10",0.3,
"2000-06-11",0.301,0.755
"2000-06-12",0.301,0.76
"2000-06-13",0.31,0.763
"2000-06-14",0.312,0.77
"2000-06-15",0.314,0.773
"2000-06-16",0.325,0.78
"2000-06-17",0.325,
"2000-06-18",0.328,
"2000-06-19",0.33,
"2000-06-20",0.339,0.8
"2000-06-21",0.3,
"2000-06-22",0.3,0.81
"2000-06-23",0.31,0.82
"2000-06-24",0.31,
"2000-06-25",0.32,
"2000-06-26",0.442,0.83
"2000-06-27",0.445,0.835
"2000-06-28",0.45,0.845
"2000-06-29",0.452,0.851
"2000-06-30",0.459,0.852
"2000-07-01",0.455,
"2000-07-02",0.463,0.865
"2000-07-03",0.46,
"2000-07-04",0.5,0.881
"2000-07-05",0.51,0.881
"2000-07-06",0.5,
"2000-07-07",0.51,
"2000-07-08",0.53,
"2000-07-09",0.54,
"2000-07-10",0.7,0.919
"2000-07-11",0.68,
"2000-07-12",0.7,
"2000-07-13",0.71,
"2000-07-14",0.72,
"2000-07-15",0.73,
"2000-07-16",0.74,
"2000-07-17",0.776,0.953
"2000-07-19",0.776,
"2000-07-20",0.76,
"2000-07-21",0.636,0.97
"2000-07-22",0.6,
"2000-07-23",0.58,
"2000-07-24",0.594,0.975
"2000-07-25",0.52,
"2000-07-26",0.62,0.98
"2000-07-27",0.61,
"2000-07-28",0.62,
"2000-07-29",0.64,
"2000-07-30",0.65,
"2000-07-31",0.68,
"2000-08-01",0.71,
"2000-08-02",0.73,
"2000-08-03",0.75,
"2000-08-04",0.765,
"2000-08-06",0.78,
"2000-08-07",0.785,1.014
"2000-08-08",0.78,
"2000-08-09",0.8,1.014
"2000-08-10",0.785,
"2000-08-11",0.8,
"2000-08-12",0.82,
"2000-08-13",0.84,
"2000-08-14",0.89,1.03
"2000-08-15",0.86,
"2000-08-16",0.89,
"2000-08-17",0.95,
"2000-08-18",1.01,1.045
"2000-08-19",1,
"2000-08-20",1.01,
"2000-08-21",1.02,
"2000-08-22",1.025,
"2000-08-23",1.026,
"2000-08-24",1.028,
"2000-08-25",1.03,
"2000-08-26",1.032,
"2000-08-27",1.035,
"2000-08-28",1.04,
"2000-08-29",1.04,
"2000-08-30",1.05,1.101
"2000-08-31",1.05,
"2000-09-01",1.05,
"2000-09-02",1.055,
"2000-09-03",1.058,
"2000-09-04",1.06,
"2000-09-05",1.062,
"2000-09-06",1.063,1.148
"2000-09-07",1,
"2000-09-08",0.999,1.155
"2000-09-09",0.98,
"2000-09-10",0.999,
"2000-09-11",1.13,1.162
"2000-09-12",1.06,
"2000-09-13",1.13,
"2000-09-14",1.155,1.185
"2000-09-15",1.14,
"2000-09-16",1.13,
"2000-09-17",1.05,
"2000-09-18",1.05,1.197
"2000-09-19",1.04,
"2000-09-20",1.05,
"2000-09-21",1.11,1.21
"2000-09-22",1.1,
"2000-09-23",1.11,
"2000-09-24",1.12,
"2000-09-25",1.185,1.23
"2000-09-26",1.15,
"2000-09-27",1.185,
"2000-09-28",1.19,
"2000-09-29",1.2,
"2000-09-30",1.208,1.241
"2000-10-01",1.2,
"2000-10-02",1.198,
"2000-10-03",1.197,
"2000-10-04",1.195,
"2000-10-05",1.191,1.257
"2000-10-06",1.18,
"2000-10-07",1.178,1.265
"2000-10-08",1.18,
"2000-10-09",1.178,1.268
"2000-10-10",1.177,
"2000-10-11",1.15,
"2000-10-12",1.06,1.27
"2000-10-13",1.05,
"2000-10-14",0.95,
"2000-10-15",0.88,
"2000-10-16",0.83,1.265
"2000-10-17",0.8,
"2000-10-18",0.83,
"2000-10-19",0.875,
"2000-10-20",0.916,1.267
"2000-10-21",0.91,
"2000-10-22",0.89,
"2000-10-23",0.85,
"2000-10-24",0.83,
"2000-10-25",0.78,
"2000-10-26",0.78,1.27
"2000-10-27",0.77,
"2000-10-28",0.78,
"2000-10-29",0.79,
"2000-10-30",0.8,
"2000-10-31",0.835,
"2000-11-01",0.86,
"2000-11-02",0.875,1.268
"2000-11-03",0.86,
"2000-11-04",0.85,
"2000-11-05",0.8,
"2000-11-06",0.75,
"2000-11-07",0.72,
"2000-11-08",0.68,
"2000-11-09",0.826,
"2000-11-10",0.595,
"2000-11-11",0.575,
"2000-11-12",0.54,
"2000-11-13",0.581,1.224
"2000-11-14",0.495,
"2000-11-15",0.45,
"2000-11-16",0.44,1.205
"2000-11-17",0.425,
"2000-11-18",0.44,
"2000-11-19",0.45,
"2000-11-20",0.48,1.165
"2000-11-21",0.47,
"2000-11-22",0.48,
"2000-11-23",0.49,
"2000-11-24",0.498,
"2000-11-25",0.5,
"2000-11-26",0.515,
"2000-11-27",0.523,1.15
"2000-11-28",0.51,
"2000-11-29",0.5,
"2000-11-30",0.45,1.145
"2000-12-01",0.41,
"2000-12-02",0.38,
"2000-12-03",0.34,
"2000-12-04",0.32,
"2000-12-05",0.3,
"2000-12-06",0.28,
"2000-12-07",0.272,1.12
"2000-12-08",0.25,
"2000-12-09",0.26,
"2000-12-10",0.28,
"2000-12-11",0.375,1.128
"2000-12-12",0.33,
"2000-12-13",0.375,
"2000-12-14",0.409,1.114
"2000-12-15",0.39,
"2000-12-16",0.38,
"2000-12-17",0.36,
"2000-12-18",0.34,
"2000-12-19",0.325,
"2000-12-20",0.32,
"2000-12-21",0.31,
"2000-12-22",0.3,
"2000-12-23",0.285,
"2000-12-24",0.27,
"2000-12-25",0.26,
"2000-12-26",0.232,1.075
"2000-12-27",0.21,
"2000-12-28",0.2,
"2000-12-29",0.19,
"2000-12-30",0.18,
"2000-12-31",0.16,
"2001-01-01",0.15,
"2001-01-02",0.13,
"2001-01-03",0.12,
"2001-01-04",0.115,
"2001-01-05",0.11,
"2001-01-06",0.109,
"2001-01-07",0.1,
"2001-01-08",0.091,0.99
"2001-01-09",0.075,
"2001-01-10",0.06,0.97
"2001-01-11",0.055,
"2001-01-12",0.04,
"2001-01-13",0.038,
"2001-01-14",0.03,
"2001-01-15",0.025,0.922
"2001-01-16",0.02,
"2001-01-17",0.019,
"2001-01-18",0.01,0.894
"2001-01-19",0.008,
"2001-01-20",0.005,
"2001-01-25",0,0
"2001-07-20",0,0
"2001-07-25",2.421,1.002
"2001-08-02",3.483,1.142
"2001-08-06",3.811,1.178
"2001-08-10",3.657,1.201
"2001-08-14",3.481,1.222
"2001-10-16",1.194,1.516
"2001-10-18",1.306,1.588
"2001-10-23",1.05,1.558
"2001-11-06",0.916,1.492
"2001-11-16",0.776,1.432
"2001-11-22",0.665,1.374
"2001-11-27",0.61,1.345
"2001-12-05",0.597,1.4
"2001-12-13",0.755,1.358
"2001-12-19",0.797,1.37
"2001-12-28",0.346,1.315
"2002-01-04",0.298,1.252
"2002-01-11",0.29,1.18
"2002-01-15",0.255,1.151
"2002-01-22",0.211,1.03
"2002-01-29",0.163,1.045
"2002-02-05",0.118,1
"2002-02-15",0.096,0.905
"2002-02-19",0.121,0.87
"2002-02-26",0.045,0.792
"2002-03-08",0.023,0.652
"2002-03-12",0.028,0.64
"2002-03-19",0.014,0.57
"2002-03-25",,0.48
"2002-04-15",0,0
"2002-07-15",0,0
"2002-07-23",1.913,0.872
"2002-07-24",2.197,0.908
"2002-07-25",2.505,0.935
"2002-07-26",2.71,0.967
"2002-07-27",2.372,0.995
"2002-07-28",2.627,1.005
"2002-07-29",2.673,1.013
"2002-07-30",2.661,1.021
"2002-07-31",2.827,1.033
"2002-08-01",2.892,1.034
"2002-08-02",2.928,1.035
"2002-08-03",3.024,1.04
"2002-08-04",3.069,1.045
"2002-08-06",2.438,1.05
"2002-08-07",2.44,1.05
"2002-08-08",2.525,1.05
"2002-08-09",2.607,1.054
"2002-08-10",2.318,1.054
"2002-08-11",2.933,1.053
"2002-08-12",2.816,1.05
"2002-08-13",2.779,1.054
"2002-08-14",2.756,1.054
"2002-08-15",2.354,1.051
"2002-08-16",2.51,1.051
"2002-08-17",2.331,1.054
"2002-08-18",2.335,1.051
"2002-08-19",2.506,1.053
"2002-08-20",2.593,1.049
"2002-08-21",2.143,1.047
"2002-08-23",2.128,1.043
"2002-08-24",1.951,1.04
"2002-08-25",2.049,1.035
"2002-08-26",1.692,1.035
"2002-08-27",2.155,1.035
"2002-08-28",1.987,1.032
"2002-08-29",1.845,1.04
"2002-08-30",1.807,1.054
"2002-08-31",1.811,1.055
"2002-09-01",1.813,1.055
"2002-09-02",1.853,1.055
"2002-09-03",1.664,1.051
"2002-09-04",1.558,1.05
"2002-09-05",1.501,1.05
"2002-09-06",1.576,1.05
"2002-09-07",1.538,1.05
"2002-09-08",1.425,1.05
"2002-09-09",1.29,1.052
"2002-09-10",0.949,1.051
"2002-09-11",1.013,1.048
"2002-09-12",1.064,1.047
"2002-09-13",1.06,1.045
"2002-09-14",1.166,1.043
"2002-09-15",1.13,1.044
"2002-09-16",0.997,1.045
"2002-09-17",1.005,1.043
"2002-09-18",0.859,1.043
"2002-09-19",1.013,1.043
"2002-09-20",0.91,1.041
"2002-09-21",,1.043
"2002-09-22",,1.049
"2002-09-23",0.877,1.05
"2002-09-24",0.859,1.053
"2002-09-25",0.818,1.054
"2002-09-26",0.834,1.054
"2002-09-27",0.904,
"2002-10-02",0.648,1.055
"2002-10-03",0.689,1.058
"2002-10-07",0.561,1.064
"2002-10-08",0.699,1.062
"2002-10-15",0.32,1.005
"2002-10-23",0.283,0.968
"2002-10-29",0.084,0.918
"2002-11-30",0,0
"2003-09-10",0,0
"2003-09-14",,0.482
"2003-09-15",0.015,0.51
"2003-09-17",0.029,0.481
"2003-09-19",0.003,0.457
"2003-09-20",,0.456
"2003-09-23",,0.294
"2003-09-24",,0.155
"2003-09-30",0,0
"2004-07-08",0,0
"2004-07-10",0.39,0.65
"2004-07-11",0.55,0.67
"2004-07-12",0.63,0.69
"2004-07-14",0.81,0.72
"2004-07-15",1.04,0.74
"2004-07-18",1.18,0.77
"2004-07-21",1.35,0.84
"2004-07-23",1.37,0.91
"2004-07-26",1.57,0.91
"2004-07-28",1.82,0.99
"2004-07-30",2.03,1.01
"2004-08-02",2.4,1.05
"2004-08-05",2.7,1.07
"2004-08-06",2.63,1.08
"2004-08-11",2.68,1.1
"2004-08-18",2.96,1.14
"2004-08-19",3.29,1.15
"2004-08-30",2.87,1.27
"2004-08-31",3.16,1.27
"2004-09-01",3.26,1.27
"2004-09-02",2.83,1.29
"2004-09-03",2.73,1.28
"2004-09-04",2.29,1.3
"2004-09-07",2.65,1.31
"2004-09-12",3.43,1.33
"2004-09-13",3.81,1.34
"2004-09-15",3.79,1.34
"2004-09-18",3.47,1.35
"2004-09-24",3.53,1.38
"2004-09-28",3,1.39
"2004-10-04",2.55,1.41
"2004-10-06",2.76,1.42
"2004-10-12",2.61,1.43
"2004-10-15",2.67,1.44
"2004-10-25",2.01,1.44
"2004-10-27",1.79,1.45
"2004-11-02",1.62,1.44
"2004-11-05",1.49,1.43
"2004-11-10",1.13,1.41
"2004-11-16",0.97,1.39
"2004-11-28",0.56,1.27
"2004-12-07",0.56,1.09
"2005-01-03",0.174,0.975
"2005-01-11",0.8,0.849
"2005-03-11",0,0
"2005-07-10",0,0
"2005-07-16",1.33,0.84
"2005-07-17",1.93,0.912
"2005-07-19",2.25,0.968
"2005-07-23",2.85,1.035
"2005-07-25",2.64,1.039
"2005-07-29",2.38,1.045
"2005-08-02",2.28,1.04
"2005-08-03",2.3,1.04
"2005-08-05",2.11,1.04
"2005-08-07",2.17,1.05
"2005-08-09",1.89,1.05
"2005-08-11",1.8,1.05
"2005-08-13",1.65,1.05
"2005-08-15",2.09,1.06
"2005-08-17",1.78,1.06
"2005-08-19",1.5,1.06
"2005-08-21",1.68,1.06
"2005-08-23",1.43,1.06
"2005-08-25",1.46,1.06
"2005-08-27",1.42,1.06
"2005-08-29",1.5,1.07
"2005-09-03",1.26,1.06
"2005-09-05",1.22,1.07
"2005-09-08",1.13,1.08
"2005-09-10",1.05,1.07
"2005-09-16",0.83,1.06
"2005-09-23",0.49,1.08
"2005-09-25",0.62,1.08
"2005-09-27",0.6,1.08
"2005-09-29",0.65,1.08
"2005-10-01",0.71,1.089
"2005-10-07",0.64,1.09
"2005-10-09",0.52,1.07
"2005-10-14",0.48,1.06
"2005-10-15",0.46,1.06
"2005-10-17",0.47,1.03
"2005-10-19",0.44,1.02
"2005-10-21",0.37,1.01
"2005-10-23",0.25,1
"2005-10-27",0.03,0.95
"2005-11-01",0.1,0.9
"2005-11-04",0.17,0.88
"2005-11-08",0.13,0.82
"2005-11-12",0.24,0.92
"2005-11-18",0.22,0.89
"2005-11-22",0.15,0.84
"2005-11-28",0.11,0.8
"2005-12-03",0.06,0.88
"2005-12-08",0.13,0.96
"2005-12-14",0.11,0.86
"2005-12-25",0.06,0.71
"2005-12-27",0.06,0.68
"2006-01-04",0.04,0.65
"2006-01-07",0,0.62
"2006-01-21",0.12,0.79
"2006-02-06",0.243,
"2006-02-15",0.131,
"2006-02-17",0.141,
"2006-02-23",0.151,
"2006-02-26",0.16,
"2006-03-04",0.175,
"2006-03-11",0.113,
"2006-03-17",0.111,
"2006-03-25",0.157,
"2006-04-10",0.024,
"2006-04-21",0.015,0
"2006-04-24",0.016,
"2006-05-04",0.033,
"2006-05-08",0.024,
"2006-05-15",0.1,
"2006-06-02",0.148,
"2006-06-05",0.184,
"2006-06-15",0.293,
"2006-06-20",0.311,
"2006-06-26",0.418,
"2006-07-06",0.494,
"2006-07-15",0.343,
"2006-07-20",0.651,
"2006-07-25",0.674,
"2006-08-05",0.752,
"2006-08-13",1.278,
"2006-08-18",1.331,
"2006-08-20",1.491,
"2006-08-23",1.838,
"2006-08-27",1.645,
"2006-08-30",1.824,
"2006-09-12",1.412,
"2006-09-20",1.726,
"2006-09-21",1.516,
"2006-09-22",1.27,
"2006-09-24",1.11,
"2006-09-27",1.695,
"2006-09-30",1.675,
"2006-10-07",1.023,
"2006-10-13",1.087,
"2006-10-20",0.899,
"2006-10-23",1.263,
"2006-11-10",0.783,
"2006-11-12",1.394,
"2006-11-14",1.336,
"2006-11-21",1.263,
"2006-11-27",1.002,
"2006-12-01",0.896,
"2006-12-06",0.615,
"2006-12-17",0.478,
"2006-12-23",0.498,
"2006-12-30",0.532,
"2007-01-04",0.53,
"2007-01-08",0.482,
"2007-01-17",0.286,
"2007-01-21",0.109,
"2007-01-29",0.359,
"2007-02-11",0.379,
"2007-02-16",0.336,
"2007-03-02",0.163,
"2007-03-06",0.196,
"2007-03-15",0.089,
"2007-04-15",0,0
"2007-05-25",1.082,
"2007-06-26",1.427,
"2007-06-27",1.746,
"2007-06-28",1.898,
"2007-07-03",3.009,
"2007-07-12",4.139,
"2007-07-14",4.724,
"2007-07-17",4.792,
"2007-07-22",4.93,
"2007-07-25",4.744,
"2007-07-26",5.143,
"2007-08-04",6.297,
"2007-08-15",4.866,
"2007-08-16",4.992,
"2007-08-22",5.669,
"2007-08-24",4.812,
"2007-08-29",4.901,
"2007-09-01",5.36,
"2007-09-06",4.956,
"2007-09-14",4.644,
"2007-09-18",4.385,
"2007-09-25",3.551,
"2007-10-02",3.723,
"2007-10-10",2.534,
"2007-10-25",1.827,
"2007-10-29",1.532,
"2007-11-06",1.283,
"2007-11-14",0.839,
"2007-11-16",0.698,
"2007-11-18",0.764,
"2007-11-26",0.669,
"2007-11-27",0.797,
"2007-11-29",0.962,
"2007-12-01",0.97,
"2007-12-09",0.712,
"2007-12-16",0.437,
"2007-12-24",0.378,
"2007-12-28",0.353,
"2008-01-01",0.344,
"2008-01-11",0.141,
"2008-01-18",0.451,
"2008-01-19",0.475,
"2008-01-21",0.452,
"2008-01-25",0.292,
"2008-02-01",0.448,
"2008-02-04",0.462,
"2008-02-13",0.605,
"2008-02-21",0.548,
"2008-02-25",0.56,
"2008-03-03",0.763,
"2008-03-10",1.082,
"2008-03-17",0.792,
"2008-03-23",0.827,
"2008-03-29",0.454,
"2008-04-06",0.462,
"2008-04-15",0.554,
"2008-04-21",0.892,
"2008-04-28",0.556,
"2008-05-05",0.486,
"2008-05-09",0.566,
"2008-05-11",0.74,
"2008-05-25",0.601,
"2008-06-01",0.603,
"2008-06-09",0.537,
"2008-06-15",0.467,
"2008-06-25",0.458,
"2008-06-28",0.562,
"2008-07-03",0.62,
"2008-07-09",0.621,
"2008-07-13",0.75,
"2008-07-20",1.086,
"2008-08-02",1.788,
"2008-08-08",2.64,
"2008-08-14",2.944,
"2008-08-23",3.363,
"2008-08-30",3.854,
"2008-09-06",4.073,
"2008-09-09",4.002,
"2008-09-17",3.297,
"2008-09-27",3.367,
"2008-10-06",2.884,
"2008-10-08",2.989,
"2008-10-12",2.565,
"2008-10-19",2.217,
"2008-10-27",1.865,
"2008-11-02",2.23,
"2008-11-08",1.814,
"2008-11-14",1.863,
"2008-11-21",1.565,
"2008-11-29",1.701,
"2008-12-04",1.235,
"2008-12-15",1.345,
"2008-12-23",1.266,
"2008-12-25",0.775,
"2009-01-02",1.143,
"2009-01-09",1.394,
"2009-01-13",1.08,
"2009-01-18",1.201,
"2009-01-26",0.845,
"2009-02-04",1.138,
"2009-02-10",0.891,
"2009-02-16",0.84,
"2009-02-22",1.049,
"2009-02-27",1.113,
"2009-03-02",0.944,
"2009-03-08",0.862,
"2009-03-12",0.986,
"2009-03-16",1.212,
"2009-03-23",1.098,
"2009-03-25",0.823,
"2009-03-27",1.18,
"2009-03-31",0.849,
"2009-04-01",0.832,
"2009-04-03",1.061,
"2009-04-04",0.735,
"2009-04-05",0.743,
"2009-04-06",0.773,
"2009-04-07",1.016,
"2009-04-08",0.804,
"2009-04-10",0.555,
"2009-04-11",0.773,
"2009-04-13",0.778,
"2009-04-17",0.747,
"2009-04-19",0.594,
"2009-04-23",0.455,
"2009-04-26",0.363,
"2009-04-29",0.669,
"2009-05-03",0.682,
"2009-05-06",0.298,
"2009-05-10",0.446,
"2009-05-13",0.44,
"2009-05-16",0.405,
"2009-05-18",0.529,
"2009-05-19",0.442,
"2009-05-21",0.466,
"2009-05-22",0.519,
"2009-05-23",0.526,
"2009-05-24",0.513,
"2009-05-28",0.487,
"2009-06-01",0.622,
"2009-06-07",0.946,
"2009-06-14",3.378,
"2009-06-21",5.73,
"2009-06-28",8.995,
"2009-07-10",13.727,
"2009-07-11",12.511,
"2009-07-14",14.375,
"2009-07-18",16.146,
"2009-07-21",16.069,
"2009-07-26",15.189,
"2009-08-07",14.279,
"2009-08-12",16.272,
"2009-08-19",14.358,
"2009-08-25",15.239,
"2009-08-31",15.243,
"2009-09-05",15.058,
"2009-09-14",12.746,
"2009-09-20",12.284,
"2009-09-28",11.795,
"2009-10-12",10.394,
"2009-11-21",5.352,
"2009-12-05",3.487,
"2010-01-10",1.908,
"2010-01-17",2.052,
"2010-01-24",2.396,
"2010-01-30",2.919,
"2010-02-05",2.713,
"2010-02-10",2.03,
"2010-02-20",2.012,
"2010-03-04",3.113,
"2010-03-13",3.456,
"2010-03-20",3.86,
"2010-03-28",3.86,
"2010-04-09",5,
"2010-04-18",4.56,
"2010-04-30",5.848,
"2010-05-09",6.55,
"2010-05-22",10.84,
"2010-05-28",12.07,
"2010-06-05",15.52,
"2010-06-11",15.185,
"2010-06-15",16.257,
"2010-06-26",21.279,
"2010-07-05",22.99,
"2010-07-11",25.59,
"2010-07-19",26.6,
"2010-07-31",23.55,
"2010-08-05",26.925,
"2010-08-09",26.53,
"2010-08-17",30.258,
"2010-08-26",28.228,
"2010-09-05",24.711,
"2010-09-12",25.85,
"2010-09-18",24.627,
"2010-09-21",21.938,
"2010-10-02",20.019,
"2010-10-09",19.995,
"2010-10-13",18.92,
"2010-10-25",14.6,
"2010-10-29",14.34,
"2010-11-08",12.59,
"2010-11-20",9.94,
"2010-11-29",9.566,
"2010-12-06",9.025,
"2011-01-07",6.347,
"2011-01-16",7.371,
"2011-01-27",8.034,
"2011-02-12",6.455,
"2011-02-20",5.764,
"2011-03-03",5.109,
"2011-03-12",5.216,
"2011-03-20",5.106,
"2011-03-26",5.886,
"2011-03-28",5.83,
"2011-04-10",8.734,
"2011-04-13",8.043,
"2011-04-25",8.228,
"2011-05-02",11.353,
"2011-05-14",15.351,
"2011-05-20",16.441,
"2011-05-28",21.143,
"2011-06-16",39.163,
"2011-07-03",48.094,
"2011-07-10",51.042,
"2011-07-17",59.427,
"2011-07-25",56.64,
"2011-07-31",56.364,
"2011-08-09",56.364,
"2011-08-21",61.243,
"2011-08-28",53.743,
"2011-09-11",54.602,
"2011-09-20",47.72,
"2011-09-25",48.87,
"2011-10-15",36.893,
"2011-10-23",34.97,
"2011-10-27",30.25,
"2011-11-13",17.06,
"2011-11-15",19.07,
"2011-11-25",15.35,
"2011-12-02",13.01,
"2011-12-30",6.98,
"2012-01-13",5.76,
"2012-02-13",5.72,
"2012-02-19",4.65,
"2012-02-23",3.64,
"2012-03-08",5.48,
"2012-04-05",7.3,
"2012-04-27",9.78,
"2012-05-03",9.91,
"2012-05-11",10.81,
"2012-05-24",11.59,
"2012-06-06",15.46,
"2012-06-19",18.655,
"2012-07-09",25.781,
"2012-07-22",25.817,
"2012-07-29",32.371,
"2012-08-01",32.244,
"2012-08-12",30.783,
"2012-08-25",33.016,
"2012-09-07",31.945,
"2012-10-08",20.61,
"2012-12-10",3.459,
"2013-01-09",2.512,
"2013-01-31",4.74,
"2013-02-21",7.835,
"2013-05-06",5.178,
"2013-05-29",3.272,
"2013-06-11",3.966,
"2013-07-08",15.113,
"2013-11-12",,1.77
"2013-11-13",3.081,1.77
"2014-01-22",6.219,1.818
"2014-01-27",6.704,1.826
"2014-02-10",11.902,2.033
"2014-02-14",10.921,2.112
"2014-02-24",,2.195
"2014-03-25",20.782,2.737
"2014-04-08",20.286,2.797
"2014-04-23",21.446,2.87
"2014-05-13",20.658,2.912
"2014-05-18",24.35,2.912
"2014-05-21",21.864,2.913
"2014-05-27",21.085,2.903
"2014-06-04",21.705,2.89
"2014-06-12",19.784,2.865
"2014-06-19",18.837,2.858
"2014-10-10",,3.229
"2014-10-20",,3.865
"2015-01-13",2.982,2.573
"2015-02-17",,1.506
"2015-03-06",1.122,1.251
"2015-03-08",,1.182
"2015-03-10",,1.167
"2015-03-19",0.293,1.013
"2015-03-27",0.123,
"2015-04-08",,1.182
"2015-04-15",2.131,1.32
"2015-04-28",,1.325
"2015-05-11",,1.496
"2015-05-15",,1.567
"2015-05-19",,1.635
"2015-06-01",,1.822
"2015-06-09",9.561,1.918
"2015-06-25",,2.065
"2015-07-03",,2.12
"2015-07-07",,2.205
"2015-07-09",,2.234
"2015-07-16",18.502,2.246
"2015-07-23",,2.213
"2015-07-28",,2.211
"2015-07-29",,2.215
"2015-07-31",,2.22
"2015-08-03",,2.223
"2015-08-05",16.269,2.23
"2015-08-11",,2.238
"2015-08-12",,2.241
"2015-08-13",,2.243
"2015-08-14",,2.249
"2015-08-16",,2.252
"2015-08-19",,2.252
"2015-08-24",16.051,2.26
"2015-08-25",,2.263
"2015-08-26",,2.262
"2015-08-27",,2.263
"2015-09-08",,2.265
"2015-09-14",,2.253
"2015-09-22",,2.212
"2015-09-25",,2.193
"2015-10-09",,2.08
"2015-10-12",,2.037
"2015-10-19",,1.927
"2015-10-28",,1.77
"2015-10-30",,1.735
"2015-11-04",4.299,1.642
"2015-11-12",,1.482
"2015-11-16",,1.385
"2015-11-18",,1.337
"2015-11-20",,1.288
"2015-11-23",,1.23
"2015-11-24",,1.212
"2015-12-11",,0.919
"2015-12-17",,0.871
"2015-12-21",,0.836
"2015-12-23",,0.802
"2015-12-30",,0.771
"2016-01-13",,0.629
"2016-01-14",,0.618
"2016-01-15",,0.632
"2016-01-18",,0.667
"2016-01-19",,0.663
"2016-01-21",,0.647
"2016-01-26",,0.658
"2016-01-29",0,0.635
"2016-02-04",0,0.59
"2016-02-09",0,0.58
"2016-02-10",0,0.583
"2016-02-18",0,0.47
"2016-02-23",0,0.41
"2016-03-01",,0.39
"2016-03-15",0,0.378
"2016-03-31",,0.492
"2016-04-01",0,0.482
"2016-04-05",0,0.475
"2016-04-11",,0.385
"2016-04-13",,0.35
"2016-04-23",0,
"2016-05-31",0,
"2016-06-16",0.832,0.881
"2016-06-23",,1.021
"2016-06-27",3.624,1.228
"2016-06-30",4.929,1.318
"2016-07-04",5.629,1.407
"2016-07-22",8.326,1.645
"2016-08-08",,1.778
"2016-08-09",9.786,
"2016-08-18",9.84,
"2016-08-29",7.401,1.74
"2016-09-15",5.921,1.718
"2016-09-26",4.443,1.685
"2016-09-27",4.443,
"2016-10-29",1.73,1.438
"2016-11-01",,1.402
"2016-11-07",,1.34
"2016-11-10",,1.331
"2016-11-17",,1.276
"2016-11-24",0.841,1.198
"2016-12-05",,1.058
"2016-12-06",,1.045
"2016-12-08",,1.018
"2016-12-09",0.335,1.022
"2016-12-14",,1.005
"2016-12-19",0.313,
"2016-12-20",,1.068
"2016-12-21",,1.058
"2016-12-29",0.266,0.975
"2017-01-05",,0.968
"2017-01-12",,1.052
"2017-01-18",,1.032
"2017-01-19",,1.032
"2017-01-23",,1
"2017-01-30",,1.068
"2017-02-10",,1.6
"2017-02-14",,2.253
"2017-02-16",,1.725
"2017-02-17",,1.73
"2017-02-22",,1.802
"2017-03-01",4.206,1.959
"2017-03-07",,2.102
"2017-03-14",,2.253
"2017-04-07",,2.4
"2017-04-11",,2.415
"2017-04-12",5.782,2.417
"2017-04-18",9.533,2.449
"2017-04-24",,2.5
"2017-04-26",9.991,2.5
"2017-05-15",,2.61
"2017-05-17",9.952,
"2017-05-29",,2.655
"2017-06-09",,2.672
"2017-07-24",8.771,2.654
"2017-07-25",,2.652
"2017-08-18",9.648,2.632
"2017-09-18",,2.58
"2017-09-22",,2.575
"2017-10-13",9.523,2.504
"2017-11-17",6.063,2.187
"2017-12-04",,1.892
"2017-12-12",,1.77
"2017-12-19",1.839,1.63
"2017-12-27",,1.55
"2018-01-10",,1.31
"2018-01-25",,1.042
"2018-02-12",,0.924
"2018-02-13",,0.902
"2018-02-21",0.302,
"2018-03-06",,1.392
"2018-03-08",,1.389
"2018-03-09",,1.383
"2018-03-10",,1.378
"2018-03-11",,1.393
"2018-03-12",,1.39
"2018-03-13",,1.386
"2018-03-14",,1.379
"2018-03-15",,1.374
"2018-03-16",,1.365
"2018-03-19",,1.338
"2018-03-21",,1.325
"2018-04-03",,1.291
"2018-04-05",,1.29
"2018-04-10",,1.273
"2018-04-19",,1.503
"2018-04-26",,1.36
"2018-05-06",,1.283
"2018-05-14",,1.221
"2018-05-29",,1.158
"2018-05-30",,1.16
"2018-05-31",,1.165
"2018-06-07",,1.213
"2018-06-11",,1.262
"2018-06-12",,1.274
"2018-06-14",,1.229
"2018-06-22",,0.828
"2018-06-25",,0.867
"2018-07-20",,1.689
"2018-07-23",,1.768
"2018-08-03",5.359,
"2018-08-09",,2.001
"2018-08-20",,2.038
"2018-08-27",,2.04
"2018-08-30",,2.039
"2018-09-04",,2.03
"2018-09-13",,2.018
"2018-09-23",9.038,
"2018-10-04",,1.943
"2018-10-09",,1.91
"2018-10-10",,1.889
"2018-10-12",,1.891
"2018-10-18",5.491,
"2018-10-23",,1.869
"2018-10-26",,1.851
"2018-10-31",,1.815
"2018-11-05",,1.772
"2018-11-12",,1.708
"2018-11-20",,1.613
"2018-11-25",2.684,
"2018-11-29",,1.525
"2018-12-05",,1.462
"2019-01-11",,1.073
"2019-01-15",,1.021
"2019-01-23",,0.95
"2019-01-28",,0.879
"2019-01-30",,0.858
"2019-02-08",,0.785
"2019-02-08",0.153,
"2019-02-12",0,0.97
"2019-02-18",,0.795
"2019-02-25",,0.685
"2019-02-27",,0.655
"2019-03-11",,0.46
"2019-03-30",,0
"2019-04-30",,0
"2019-05-30",,0
"2019-06-30",,0
"2019-07-30",,0
"2019-08-30",,0
"2019-09-30",,0
