,panhandle,selinda,khwai,maunachira,nqoga,thaoge,xudum,boro
2000-04-30 00:00:00,848.25,165.25,346.25,943.25,1075.0,148.25,1234.5,1313.5
2000-05-08 00:00:00,847.75,143.5,272.0,784.75,1041.25,113.25,1096.0,1209.75
2000-05-16 00:00:00,855.75,153.5,287.0,801.0,1051.5,121.5,1114.25,1187.0
2000-05-24 00:00:00,850.75,155.0,290.0,782.5,1049.25,122.0,1084.0,1183.0
2000-06-01 00:00:00,843.0,171.0,265.5,782.5,1076.5,128.5,1110.25,1179.0
2000-06-09 00:00:00,825.75,173.75,313.5,852.5,1081.75,140.25,1151.25,1211.5
2000-06-17 00:00:00,791.75,177.5,301.25,851.25,1072.0,147.75,1165.25,1200.75
2000-06-25 00:00:00,748.0,173.25,288.0,845.25,1071.5,166.0,1236.5,1242.5
2000-07-03 00:00:00,731.75,187.0,304.0,888.0,1069.5,168.25,1233.0,1275.0
2000-07-11 00:00:00,701.25,186.75,303.0,908.5,1065.75,164.5,1265.0,1325.25
2000-07-19 00:00:00,678.0,189.5,306.0,914.25,1067.5,162.75,1299.25,1355.25
2000-07-27 00:00:00,669.25,194.75,303.75,912.75,1073.25,167.75,1335.5,1374.0
2000-08-12 00:00:00,553.75,181.75,278.0,907.25,1042.75,152.75,1270.75,1354.5
2000-08-20 00:00:00,568.25,185.75,315.75,942.5,1052.0,152.5,1281.75,1385.5
2000-08-28 00:00:00,574.5,192.0,350.25,990.75,1068.25,163.25,1301.75,1438.25
2000-09-13 00:00:00,537.0,160.25,338.0,949.25,1036.75,148.25,1182.0,1370.0
2000-09-21 00:00:00,523.0,159.5,329.25,938.25,1028.0,144.0,1140.0,1357.25
2000-10-23 00:00:00,457.5,224.5,294.25,870.75,979.0,100.75,867.0,1084.5
2000-10-31 00:00:00,435.5,130.75,304.5,865.75,969.75,91.5,860.25,1055.5
2000-11-08 00:00:00,422.5,50.75,230.25,761.5,920.0,83.25,659.5,799.5
2001-04-07 00:00:00,899.25,91.5,401.75,843.5,1046.5,56.5,307.75,594.75
2001-04-15 00:00:00,908.5,110.25,359.5,796.5,1043.0,50.5,269.75,556.5
2001-04-23 00:00:00,914.25,147.75,279.25,696.0,1069.0,61.0,386.5,660.5
2001-05-01 00:00:00,919.0,163.25,253.75,720.75,1093.0,77.75,465.75,697.25
2001-05-09 00:00:00,930.75,200.0,248.75,774.25,1122.5,125.25,634.25,797.75
2001-05-17 00:00:00,931.75,204.25,214.75,743.0,1129.5,151.0,727.75,847.0
2001-05-25 00:00:00,919.25,225.0,175.25,739.75,1132.25,185.75,884.0,960.75
2001-06-02 00:00:00,916.25,240.5,187.75,789.0,1140.0,206.0,987.0,1048.25
2001-06-10 00:00:00,914.5,247.75,141.0,789.5,1147.75,187.5,1155.5,1136.0
2001-06-26 00:00:00,880.25,274.25,205.75,922.0,1151.75,255.75,1344.25,1381.75
2001-07-04 00:00:00,879.5,273.75,206.5,921.0,1152.0,254.25,1343.25,1381.0
2001-07-12 00:00:00,863.75,282.5,225.75,983.75,1146.0,272.25,1419.5,1467.75
2001-07-20 00:00:00,855.0,284.0,229.75,982.5,1139.0,271.75,1407.5,1473.75
2001-07-28 00:00:00,830.0,288.25,254.75,994.5,1135.25,273.0,1430.75,1517.5
2001-08-05 00:00:00,815.0,279.25,265.25,999.25,1126.5,266.25,1432.0,1528.25
2001-08-13 00:00:00,811.25,283.0,236.75,1022.5,1132.0,239.5,1517.75,1576.0
2001-12-19 00:00:00,696.25,224.25,547.75,1113.5,1144.25,146.25,909.0,1458.0
2001-12-27 00:00:00,708.25,220.0,521.0,1109.5,1131.5,150.0,899.5,1397.75
2002-01-01 00:00:00,691.5,220.5,403.25,1077.25,1127.0,208.75,843.25,1294.25
2002-02-18 00:00:00,786.0,86.5,317.5,911.25,918.0,117.75,424.0,914.25
2002-03-30 00:00:00,870.0,44.0,255.5,817.75,909.0,81.5,288.5,659.25
2002-04-07 00:00:00,882.75,58.25,239.75,781.5,1000.0,35.25,162.0,515.5
2002-04-15 00:00:00,891.25,76.25,221.0,754.75,1037.75,34.25,140.75,433.0
2002-04-23 00:00:00,894.0,81.5,197.0,723.75,1044.0,37.0,164.5,422.25
2002-05-01 00:00:00,894.75,102.0,171.0,683.25,1066.0,48.75,218.5,445.75
2002-05-09 00:00:00,898.25,120.25,167.0,689.5,1089.75,59.0,303.5,495.75
2002-05-17 00:00:00,894.75,141.0,142.5,698.5,1099.25,84.5,422.0,563.5
2002-05-25 00:00:00,891.25,152.5,141.25,706.25,1105.5,100.5,479.75,607.25
2002-06-02 00:00:00,891.75,171.0,122.75,707.5,1097.0,112.5,570.25,717.0
2002-06-10 00:00:00,879.25,177.0,123.75,703.0,1101.25,116.0,618.0,783.25
2002-06-18 00:00:00,867.25,188.5,152.0,740.0,1099.75,120.25,694.75,902.0
2002-06-26 00:00:00,861.75,194.5,172.0,797.5,1104.25,120.5,732.25,962.0
2002-07-04 00:00:00,845.5,192.25,211.75,841.5,1107.5,125.0,786.5,1027.0
2002-07-12 00:00:00,835.5,193.75,221.25,857.25,1112.75,128.25,839.75,1071.5
2002-07-20 00:00:00,821.0,195.5,209.75,859.25,1103.5,137.75,867.75,1101.75
2002-07-28 00:00:00,802.25,195.25,205.5,861.5,1101.25,137.75,882.25,1126.75
2002-08-05 00:00:00,784.25,197.0,207.0,877.75,1106.0,140.25,900.25,1148.25
2002-08-13 00:00:00,772.0,198.25,233.75,911.5,1108.75,145.5,930.0,1171.0
2002-08-21 00:00:00,750.25,192.0,233.0,917.0,1105.75,137.75,897.25,1166.75
2002-08-29 00:00:00,739.5,189.75,234.75,932.0,1107.0,135.25,879.25,1170.25
2002-09-06 00:00:00,710.75,180.25,230.75,924.25,1094.25,126.25,845.25,1145.0
2002-09-14 00:00:00,694.5,178.75,235.0,917.25,1088.0,125.0,830.25,1130.75
2002-09-30 00:00:00,668.5,161.0,247.25,909.0,1076.25,112.25,776.0,1111.25
2002-10-08 00:00:00,662.75,154.75,250.75,904.75,1066.75,108.25,746.75,1098.75
2002-10-16 00:00:00,646.5,271.75,239.25,869.5,1048.75,127.0,716.75,1078.0
2002-10-24 00:00:00,632.75,211.75,247.25,849.0,1043.25,97.5,654.0,1022.5
2002-11-01 00:00:00,604.5,151.5,233.5,832.5,1018.5,90.25,587.25,957.0
2003-02-18 00:00:00,863.75,98.5,251.5,891.75,955.0,68.75,235.75,497.0
2003-02-26 00:00:00,868.5,36.5,251.75,890.5,935.5,68.0,183.5,517.25
2003-03-06 00:00:00,865.0,28.25,247.25,871.25,933.5,53.75,167.25,510.0
2003-03-14 00:00:00,879.5,42.5,254.0,865.75,943.5,50.0,131.0,443.75
2003-03-22 00:00:00,885.75,47.25,257.0,861.0,956.5,47.75,121.25,411.0
2003-03-30 00:00:00,889.0,85.5,242.5,843.25,1042.0,40.0,151.25,381.25
2003-04-07 00:00:00,887.5,93.25,252.0,867.75,1073.5,39.25,169.5,428.75
2003-04-15 00:00:00,882.0,109.25,223.5,838.75,1081.25,44.25,223.25,419.5
2003-04-23 00:00:00,881.25,123.5,222.0,824.0,1085.5,52.25,306.0,492.5
2003-05-01 00:00:00,879.5,133.25,235.5,827.75,1093.25,62.0,406.25,477.25
2003-05-09 00:00:00,874.5,143.5,220.25,811.5,1097.5,66.25,492.75,533.0
2003-05-17 00:00:00,874.5,152.75,219.25,806.5,1103.75,69.25,547.25,578.25
2003-05-25 00:00:00,869.25,159.75,205.0,799.0,1098.5,72.25,587.0,612.5
2003-06-02 00:00:00,866.0,169.5,200.5,801.0,1103.5,79.5,643.0,682.0
2003-06-10 00:00:00,859.5,176.75,209.75,831.0,1111.75,81.75,685.5,721.0
2003-06-18 00:00:00,853.25,178.75,215.75,848.0,1118.5,82.25,731.25,759.75
2003-06-26 00:00:00,836.5,181.75,201.75,838.75,1112.0,81.75,771.25,785.0
2003-07-04 00:00:00,822.0,188.0,208.0,845.0,1109.25,84.25,813.0,821.75
2003-07-12 00:00:00,803.5,193.0,207.5,854.25,1111.25,87.5,852.75,851.75
2003-07-20 00:00:00,777.0,193.5,201.75,865.75,1111.75,86.0,863.25,875.5
2003-07-28 00:00:00,757.75,191.75,210.25,889.75,1110.0,87.5,890.0,907.25
2003-08-05 00:00:00,730.25,192.75,210.75,898.25,1102.75,85.0,890.75,915.25
2003-08-13 00:00:00,727.5,195.75,215.5,916.25,1106.0,85.0,913.0,936.5
2003-08-21 00:00:00,699.75,189.5,211.25,903.5,1094.5,80.5,892.0,928.5
2003-08-29 00:00:00,682.25,183.75,217.75,915.0,1089.0,78.0,886.25,928.75
2003-09-06 00:00:00,658.0,176.0,221.25,917.75,1085.0,75.5,846.25,915.75
2003-09-14 00:00:00,651.25,170.25,224.0,911.25,1072.25,75.25,827.5,904.5
2003-09-22 00:00:00,639.5,160.0,225.5,895.5,1059.0,68.75,780.0,875.25
2003-10-08 00:00:00,618.75,137.75,215.0,846.5,1030.0,49.0,699.5,801.25
2003-10-16 00:00:00,617.0,131.75,218.25,831.0,1029.0,49.5,661.75,799.25
2003-10-24 00:00:00,611.5,115.25,234.25,834.25,1022.25,44.0,695.5,774.5
2003-11-01 00:00:00,617.0,108.5,230.75,826.75,1003.0,41.5,574.5,740.5
2003-11-09 00:00:00,633.75,114.75,244.75,805.0,984.25,41.75,564.0,719.25
2004-02-26 00:00:00,950.5,230.25,301.5,822.25,1167.25,115.75,683.75,635.5
2004-03-05 00:00:00,952.25,236.5,321.5,840.25,1174.25,127.75,744.0,672.5
2004-04-06 00:00:00,939.25,322.75,394.0,1059.5,1191.5,246.25,1378.5,1295.0
2004-04-14 00:00:00,936.25,314.25,306.75,1025.25,1180.5,242.25,1375.25,1315.0
2004-04-22 00:00:00,939.0,315.0,304.5,1057.0,1183.25,251.5,1421.5,1368.0
2004-04-30 00:00:00,933.75,304.75,258.0,1041.5,1175.25,250.75,1417.25,1382.25
2004-05-08 00:00:00,939.75,319.75,289.75,1065.25,1182.75,271.0,1476.25,1441.25
2004-05-16 00:00:00,935.25,322.25,263.75,1054.25,1182.5,274.75,1484.5,1455.75
2004-05-24 00:00:00,928.0,329.25,264.75,1061.0,1182.0,288.75,1531.75,1490.0
2004-06-01 00:00:00,918.0,329.0,243.25,1048.5,1174.75,288.75,1546.75,1515.25
2004-06-09 00:00:00,911.5,337.75,281.25,1070.25,1173.5,297.25,1609.75,1568.25
2004-06-17 00:00:00,905.25,340.0,271.75,1071.25,1170.5,296.75,1651.0,1607.5
2004-06-25 00:00:00,883.5,331.75,247.0,1046.25,1157.75,272.75,1630.25,1607.25
2004-07-03 00:00:00,877.0,331.75,263.5,1061.25,1154.25,271.25,1638.75,1634.0
2004-07-11 00:00:00,865.5,335.75,282.75,1075.25,1152.5,263.25,1659.5,1659.25
2004-07-19 00:00:00,850.5,321.75,272.75,1055.25,1145.5,252.75,1644.0,1661.0
2004-07-27 00:00:00,836.75,320.75,281.5,1044.5,1140.0,239.75,1641.75,1664.25
2004-08-04 00:00:00,814.5,310.25,268.0,1028.5,1133.5,225.75,1603.25,1656.75
2004-08-12 00:00:00,806.0,306.0,285.75,1029.5,1129.75,220.75,1606.0,1658.5
2004-08-20 00:00:00,792.5,290.25,282.75,1014.0,1122.0,198.25,1560.25,1634.25
2004-08-28 00:00:00,774.5,284.5,285.25,1016.0,1121.5,186.5,1522.5,1618.25
2004-09-05 00:00:00,765.25,271.0,270.25,987.25,1113.25,174.5,1481.75,1576.25
2004-09-13 00:00:00,740.75,251.25,262.0,970.75,1105.5,152.0,1422.5,1554.25
2004-09-21 00:00:00,722.25,241.0,257.5,945.0,1087.0,138.25,1338.5,1484.0
2004-09-29 00:00:00,706.25,238.5,264.25,928.75,1084.75,131.75,1287.75,1433.75
2004-10-07 00:00:00,702.75,228.5,269.0,921.25,1085.0,122.25,1259.0,1408.0
2004-10-15 00:00:00,683.75,212.5,273.5,898.75,1070.5,104.5,1193.0,1349.0
2004-10-23 00:00:00,675.25,197.75,286.0,886.0,1060.25,97.5,1143.0,1307.75
2004-10-31 00:00:00,666.0,188.5,271.25,871.0,1058.0,92.25,1054.25,1226.25
2004-11-08 00:00:00,706.5,323.0,249.25,822.5,1051.25,79.75,956.75,1059.0
2004-11-16 00:00:00,689.5,189.25,253.75,837.0,1047.75,68.5,904.75,999.25
2004-12-02 00:00:00,719.25,144.5,285.25,865.0,1056.5,65.5,1040.0,963.5
2004-12-10 00:00:00,715.75,140.25,284.25,874.5,1046.25,60.25,878.5,903.75
2004-12-26 00:00:00,685.0,99.75,262.25,829.0,957.0,45.5,634.5,756.25
2005-01-01 00:00:00,687.5,119.25,237.75,824.25,953.25,47.0,554.25,711.0
2005-02-10 00:00:00,829.25,45.75,230.25,781.0,907.75,72.0,387.0,536.25
2005-02-18 00:00:00,845.0,29.25,229.75,806.0,900.0,35.5,374.25,572.0
2005-02-26 00:00:00,855.25,37.75,233.0,818.0,905.25,34.0,378.25,572.0
2005-03-06 00:00:00,877.5,60.75,230.75,816.25,923.25,69.0,296.75,583.75
2005-03-30 00:00:00,900.75,163.0,330.75,962.0,1136.5,42.0,364.5,568.75
2005-04-07 00:00:00,900.0,176.5,306.75,927.75,1137.25,59.0,420.0,552.25
2005-04-15 00:00:00,907.25,194.75,287.0,922.0,1128.25,77.0,509.25,608.25
2005-04-23 00:00:00,923.75,208.0,280.0,927.5,1132.25,90.5,622.25,693.0
2005-05-01 00:00:00,934.75,219.25,257.5,905.75,1138.5,100.5,706.0,770.0
2005-05-09 00:00:00,937.5,224.25,232.5,878.75,1144.5,116.0,768.75,780.25
2005-05-17 00:00:00,934.25,252.25,224.0,881.5,1152.75,139.5,965.75,854.5
2005-05-25 00:00:00,925.25,273.25,224.0,884.75,1156.25,158.25,1138.75,945.75
2005-06-02 00:00:00,914.5,288.25,225.75,884.75,1158.0,176.5,1247.75,1044.25
2005-06-10 00:00:00,905.75,298.75,224.5,898.5,1157.0,187.5,1333.5,1132.5
2005-06-18 00:00:00,897.0,310.75,209.5,912.25,1153.5,185.25,1406.25,1222.25
2005-06-26 00:00:00,888.5,313.0,203.75,939.25,1147.25,183.75,1445.25,1282.0
2005-07-04 00:00:00,881.25,318.75,211.25,965.5,1147.5,185.0,1501.0,1339.5
2005-07-12 00:00:00,872.25,323.75,228.25,996.25,1149.25,189.75,1548.5,1393.0
2005-07-20 00:00:00,859.25,320.5,219.75,991.5,1144.0,179.0,1517.75,1389.25
2005-07-28 00:00:00,843.5,315.5,224.5,1006.0,1140.0,174.75,1522.25,1401.75
2005-08-05 00:00:00,840.75,319.0,241.75,1031.25,1141.75,181.0,1557.0,1438.5
2005-08-29 00:00:00,791.0,288.5,225.75,986.5,1131.25,148.25,1481.0,1403.75
2005-09-06 00:00:00,772.75,276.0,235.25,989.0,1121.75,132.75,1450.0,1384.0
2005-09-14 00:00:00,765.5,267.5,241.0,983.25,1120.0,131.25,1430.75,1376.75
2005-09-22 00:00:00,731.0,244.0,224.5,951.5,1109.5,112.5,1355.5,1311.25
2005-09-30 00:00:00,706.25,224.25,220.25,928.5,1098.75,149.5,1324.0,1296.75
2005-10-08 00:00:00,687.5,203.5,216.75,897.0,1081.5,86.0,1206.0,1222.0
2005-10-16 00:00:00,682.0,195.5,228.0,896.0,1083.0,81.0,1167.5,1198.0
2005-10-24 00:00:00,649.25,180.0,226.25,867.75,1062.0,63.0,1050.0,1120.75
2005-11-01 00:00:00,662.5,165.0,241.0,881.0,1069.75,67.0,1043.5,1143.25
2005-11-09 00:00:00,679.0,146.75,249.25,891.25,1092.0,75.0,1054.5,1117.75
2005-12-11 00:00:00,679.25,131.25,290.25,874.75,1087.0,112.75,726.5,890.5
2006-05-01 00:00:00,915.0,290.25,346.75,876.75,1086.25,133.0,1204.0,1321.0
2006-05-09 00:00:00,918.0,298.0,322.75,927.75,1118.0,146.5,1249.25,1340.0
2006-05-17 00:00:00,916.0,295.25,257.5,869.25,1104.5,152.0,1224.25,1300.0
2006-05-25 00:00:00,923.5,305.25,301.75,920.5,1117.5,169.5,1296.5,1350.0
2006-06-02 00:00:00,922.75,302.0,244.0,833.75,1105.75,181.25,1308.5,1337.25
2006-06-10 00:00:00,920.25,312.0,258.0,843.5,1108.5,201.0,1363.5,1374.75
2006-06-18 00:00:00,907.25,314.0,216.5,844.25,1103.0,205.25,1372.5,1381.0
2006-06-26 00:00:00,892.5,321.5,213.25,847.75,1101.75,215.5,1426.0,1410.0
2006-07-04 00:00:00,875.5,325.5,191.75,849.25,1099.75,222.25,1466.75,1440.75
2006-07-12 00:00:00,848.75,330.5,174.5,865.25,1097.0,230.25,1508.5,1483.0
2006-07-20 00:00:00,836.25,340.75,210.25,934.25,1112.25,248.25,1597.75,1558.25
2006-07-28 00:00:00,804.0,334.25,222.0,941.75,1106.5,253.5,1590.25,1578.0
2006-08-05 00:00:00,769.25,325.0,220.5,933.25,1102.0,241.75,1573.5,1582.0
2006-08-13 00:00:00,719.75,306.0,217.0,926.25,1093.5,227.0,1550.0,1569.5
2006-08-21 00:00:00,710.25,301.25,229.75,944.25,1086.5,216.5,1568.75,1588.75
2006-08-29 00:00:00,701.0,293.0,228.5,946.5,1084.0,203.25,1554.5,1597.75
2006-09-06 00:00:00,688.5,285.0,229.5,945.5,1082.25,181.5,1527.25,1583.0
2006-09-14 00:00:00,676.25,279.75,235.0,947.25,1088.5,174.75,1502.5,1557.5
2006-09-22 00:00:00,651.0,265.0,258.75,948.25,1091.5,163.75,1473.5,1542.5
2006-09-30 00:00:00,646.0,240.5,274.75,954.5,1075.75,147.5,1419.0,1528.5
2006-10-08 00:00:00,645.5,262.25,301.5,961.5,1074.25,140.25,1388.0,1494.5
2006-10-16 00:00:00,648.25,283.75,290.5,909.0,1054.75,129.0,1328.0,1411.25
2006-11-17 00:00:00,687.25,183.75,288.5,824.75,1006.5,78.5,933.0,1035.0
2006-11-25 00:00:00,684.25,200.75,272.75,822.0,988.5,67.25,796.75,890.75
2007-02-02 00:00:00,912.25,111.25,320.75,731.5,1064.0,39.0,294.75,444.25
2007-02-10 00:00:00,911.75,130.0,268.75,759.75,1111.25,44.5,268.0,453.25
2007-02-18 00:00:00,907.5,151.75,221.75,750.5,1110.5,51.25,298.25,452.5
2007-02-26 00:00:00,910.5,192.5,215.0,787.25,1108.75,67.0,377.0,511.25
2007-03-06 00:00:00,910.75,198.5,192.5,779.75,1113.75,75.0,462.25,553.0
2007-03-14 00:00:00,916.0,212.0,201.5,796.75,1118.25,95.25,563.25,607.75
2007-03-22 00:00:00,933.75,241.75,214.75,829.0,1127.75,132.0,688.25,771.5
2007-03-30 00:00:00,949.25,273.25,216.0,858.75,1140.75,151.25,788.25,877.0
2007-04-07 00:00:00,960.75,281.25,211.0,861.0,1153.0,177.0,889.25,948.0
2007-04-15 00:00:00,959.0,302.0,206.75,895.25,1174.5,210.0,1025.75,1076.0
2007-04-23 00:00:00,955.75,315.75,183.75,884.25,1187.0,239.0,1114.25,1141.0
2007-05-01 00:00:00,953.25,341.75,172.5,899.0,1201.0,272.25,1251.75,1232.25
2007-05-09 00:00:00,946.0,359.5,168.25,916.25,1207.5,294.75,1350.25,1305.75
2007-05-17 00:00:00,940.75,376.5,181.5,944.25,1201.0,307.75,1455.25,1384.5
2007-05-25 00:00:00,934.75,385.0,170.0,964.5,1194.25,318.25,1513.25,1441.5
2007-06-02 00:00:00,928.5,393.25,189.0,1013.5,1193.0,330.0,1596.75,1539.25
2007-06-10 00:00:00,919.75,402.5,200.5,1035.25,1190.75,343.0,1672.5,1616.0
2007-06-18 00:00:00,907.5,396.25,195.5,1033.25,1178.0,335.75,1687.25,1645.5
2007-06-26 00:00:00,896.25,396.5,206.0,1045.0,1174.0,334.5,1734.75,1686.5
2007-07-04 00:00:00,884.5,385.75,206.25,1047.25,1166.0,330.25,1757.25,1701.75
2007-07-12 00:00:00,867.25,380.5,209.75,1044.5,1156.0,320.0,1740.75,1699.25
2007-07-20 00:00:00,859.25,382.5,239.25,1057.5,1156.75,326.5,1775.75,1731.25
2007-07-28 00:00:00,842.0,368.75,261.5,1049.75,1152.0,312.25,1743.0,1722.75
2007-08-05 00:00:00,818.75,351.75,259.75,1038.5,1141.0,291.75,1694.25,1701.0
2007-08-13 00:00:00,813.5,344.25,258.75,1028.75,1137.0,285.0,1689.0,1694.0
2007-08-21 00:00:00,803.0,324.25,263.5,1022.0,1130.25,265.75,1660.0,1683.75
2007-08-29 00:00:00,789.75,317.5,258.0,1018.5,1143.0,249.0,1704.75,1684.75
2007-09-06 00:00:00,774.5,304.0,245.0,1005.25,1123.5,225.0,1627.5,1639.0
2007-09-14 00:00:00,757.5,283.25,245.0,986.25,1107.25,204.0,1509.0,1599.75
2007-09-22 00:00:00,754.25,273.25,258.75,981.25,1110.0,197.0,1485.5,1594.25
2007-09-30 00:00:00,742.25,265.75,277.0,985.75,1111.75,174.5,1425.25,1570.0
2007-10-08 00:00:00,716.0,229.0,266.75,972.25,1106.25,149.5,1308.75,1505.75
2007-10-16 00:00:00,712.25,217.0,267.75,968.75,1103.25,141.5,1265.0,1479.0
2007-10-24 00:00:00,697.25,201.5,267.25,936.5,1096.75,121.75,1139.75,1418.0
2007-11-01 00:00:00,691.75,153.0,246.0,883.5,1081.25,90.25,1003.5,1325.25
2007-11-09 00:00:00,675.75,139.5,233.0,875.5,1073.75,74.0,923.0,1228.0
2008-03-21 00:00:00,894.25,264.25,405.75,1032.5,1121.75,95.25,890.5,1314.75
2008-03-29 00:00:00,895.5,238.25,366.5,962.0,1106.75,93.5,834.5,1253.5
2008-04-06 00:00:00,907.5,252.25,356.75,968.5,1114.5,104.5,844.0,1280.5
2008-04-14 00:00:00,915.75,244.75,348.5,928.0,1115.5,113.25,834.5,1249.75
2008-04-22 00:00:00,913.75,243.0,291.0,870.5,1112.5,114.0,808.25,1181.0
2008-04-30 00:00:00,915.5,247.5,236.75,781.0,1106.75,134.25,861.25,1190.25
2008-05-08 00:00:00,919.25,260.25,229.25,807.75,1119.25,162.25,951.75,1262.0
2008-05-16 00:00:00,914.75,262.0,189.0,769.25,1112.25,178.0,1012.5,1258.5
2008-05-24 00:00:00,909.25,282.5,182.5,793.75,1111.75,202.75,1096.0,1322.75
2008-06-01 00:00:00,902.5,303.5,206.5,838.0,1125.25,220.5,1219.25,1409.0
2008-06-09 00:00:00,891.75,313.25,194.5,852.25,1127.5,239.25,1321.5,1459.5
2008-06-17 00:00:00,883.25,319.5,195.0,875.25,1124.5,244.75,1375.25,1518.0
2008-06-25 00:00:00,862.75,320.5,186.5,877.25,1120.75,242.5,1419.0,1551.75
2008-07-03 00:00:00,847.25,327.25,200.75,907.25,1119.0,253.25,1490.5,1630.25
2008-07-11 00:00:00,818.25,320.75,194.75,916.0,1113.25,247.0,1495.25,1641.0
2008-07-19 00:00:00,795.25,309.5,200.5,914.75,1107.0,237.5,1489.5,1643.75
2008-07-27 00:00:00,789.75,308.5,204.5,929.0,1106.25,238.25,1515.0,1675.0
2008-08-04 00:00:00,779.5,311.25,230.0,962.25,1108.0,234.25,1532.5,1697.75
2008-08-12 00:00:00,752.25,307.5,230.5,956.0,1103.75,221.5,1519.75,1686.0
2008-08-20 00:00:00,741.5,295.25,220.75,941.5,1099.0,210.5,1504.25,1666.0
2008-08-28 00:00:00,727.75,286.25,236.0,952.5,1100.5,207.25,1498.5,1653.5
2008-09-05 00:00:00,701.5,269.25,243.5,938.75,1095.25,183.0,1437.75,1624.25
2008-09-13 00:00:00,680.25,260.5,253.0,949.75,1092.5,164.75,1404.25,1616.25
2008-09-21 00:00:00,662.75,249.0,250.25,942.25,1091.0,155.25,1375.75,1592.25
2008-09-29 00:00:00,637.75,221.25,255.25,928.75,1081.5,127.25,1270.5,1544.5
2008-10-07 00:00:00,607.25,201.25,241.75,895.0,1062.5,111.75,1205.75,1482.75
2008-10-15 00:00:00,604.75,175.25,249.25,885.0,1062.75,98.75,1168.5,1445.0
2008-10-23 00:00:00,595.5,168.25,268.25,902.5,1062.0,91.75,1143.0,1435.5
2008-11-24 00:00:00,701.5,232.0,504.25,1027.5,1086.25,100.75,965.5,1305.75
2008-12-26 00:00:00,847.0,69.75,853.25,1084.0,1064.5,45.25,710.75,1172.25
2009-02-02 00:00:00,917.25,82.5,558.75,1001.25,1114.0,39.75,711.5,829.25
2009-03-14 00:00:00,954.5,254.0,454.25,974.5,1139.0,108.5,871.0,1052.25
2009-03-22 00:00:00,982.25,254.0,420.25,964.75,1150.25,118.75,854.25,1066.75
2009-03-30 00:00:00,978.25,285.5,343.25,856.25,1206.25,157.5,879.5,1045.75
2009-04-07 00:00:00,972.25,332.0,357.75,917.75,1262.25,213.75,979.0,1142.5
2009-04-15 00:00:00,966.0,387.0,283.75,923.0,1268.0,288.75,1147.25,1220.25
2009-04-23 00:00:00,962.75,415.25,256.0,928.5,1261.25,335.25,1308.0,1286.75
2009-05-01 00:00:00,956.75,448.5,271.5,1010.5,1265.25,370.25,1511.5,1438.0
2009-05-09 00:00:00,948.75,457.0,256.75,1035.75,1266.0,384.5,1609.0,1525.5
2009-05-17 00:00:00,946.75,474.5,278.0,1063.5,1256.5,393.5,1727.0,1661.75
2009-05-25 00:00:00,940.5,477.0,241.0,1076.0,1248.0,396.75,1771.25,1742.75
2009-06-02 00:00:00,939.25,510.5,347.5,1134.75,1253.0,421.5,1875.75,1850.75
2009-06-10 00:00:00,930.25,518.25,412.0,1158.25,1245.75,418.25,1928.25,1921.75
2009-06-18 00:00:00,928.0,524.25,458.5,1179.75,1237.75,423.75,1976.5,1953.0
2009-06-26 00:00:00,912.75,503.0,429.25,1149.25,1212.25,406.5,1958.0,1952.25
2009-07-04 00:00:00,899.5,489.25,431.75,1136.25,1196.25,394.75,1975.5,1962.25
2009-07-12 00:00:00,893.75,485.5,442.5,1150.75,1190.25,400.25,1989.25,1984.0
2009-07-20 00:00:00,874.75,469.5,432.25,1132.25,1174.5,391.5,1978.0,1977.0
2009-07-28 00:00:00,856.5,460.5,438.75,1125.75,1166.75,378.25,1975.5,1980.5
2009-08-05 00:00:00,837.75,434.75,432.75,1100.0,1152.0,351.75,1921.75,1956.5
2009-08-13 00:00:00,825.5,412.5,428.25,1094.0,1144.25,335.25,1891.5,1937.0
2009-08-21 00:00:00,820.75,392.75,429.25,1094.5,1146.0,315.75,1866.5,1919.75
2009-08-29 00:00:00,805.75,372.75,420.5,1076.75,1138.0,289.0,1823.25,1896.25
2009-09-06 00:00:00,793.75,341.25,416.25,1078.0,1135.25,286.75,1828.0,1915.5
2009-09-30 00:00:00,789.75,318.0,444.75,1067.75,1136.0,221.25,1728.0,1818.0
2009-10-08 00:00:00,772.75,274.25,436.75,1045.25,1123.5,171.0,1675.5,1766.25
2009-10-16 00:00:00,756.0,246.5,428.5,1026.75,1110.5,152.0,1744.75,1707.25
2009-10-24 00:00:00,743.5,230.75,424.5,1019.0,1101.25,146.75,1589.75,1665.25
2009-11-01 00:00:00,722.0,191.0,412.75,989.25,1094.5,131.25,1514.75,1607.75
2009-11-09 00:00:00,700.25,169.5,412.25,966.0,1081.5,118.75,1410.25,1501.0
2009-12-11 00:00:00,747.75,181.25,388.5,1006.5,1074.5,62.0,971.0,1151.25
2010-02-26 00:00:00,941.0,296.0,501.75,1058.25,1221.5,135.0,1396.75,1541.0
2010-03-06 00:00:00,930.25,316.5,499.5,1094.75,1216.25,166.25,1341.75,1627.5
2010-03-14 00:00:00,928.5,383.5,497.5,1133.25,1219.25,226.5,1362.25,1689.0
2010-04-07 00:00:00,963.25,463.75,427.75,1172.5,1242.25,305.5,1763.75,1909.25
2010-04-15 00:00:00,974.5,461.25,485.25,1183.25,1259.25,348.5,1846.75,1988.75
2010-04-23 00:00:00,980.75,469.25,493.0,1150.0,1298.25,421.0,1921.0,2019.75
2010-05-01 00:00:00,980.25,526.75,493.25,1201.75,1339.25,509.25,2078.5,2070.25
2010-05-09 00:00:00,969.0,561.75,462.0,1174.0,1331.0,551.5,2123.0,2068.0
2010-05-17 00:00:00,954.5,575.0,394.75,1154.5,1313.75,566.0,2149.5,2055.75
2010-05-25 00:00:00,951.5,603.5,427.0,1219.5,1313.75,585.0,2254.75,2112.25
2010-06-02 00:00:00,949.75,600.5,432.75,1235.0,1302.5,579.0,2288.0,2153.75
2010-06-10 00:00:00,946.0,608.25,451.25,1241.75,1296.25,575.75,2332.75,2187.25
2010-06-18 00:00:00,943.75,621.25,471.5,1242.25,1284.0,564.5,2341.25,2202.0
2010-06-26 00:00:00,939.5,608.75,479.75,1234.75,1272.0,560.5,2359.0,2223.5
2010-07-04 00:00:00,931.75,590.25,479.75,1230.25,1259.0,537.25,2362.5,2219.0
2010-07-12 00:00:00,927.25,590.0,498.0,1208.75,1241.75,520.25,2362.25,2221.25
2010-07-20 00:00:00,913.0,551.75,476.5,1192.75,1220.0,504.0,2312.25,2184.5
2010-07-28 00:00:00,906.5,532.0,460.0,1185.0,1210.5,483.25,2284.5,2161.5
2010-08-05 00:00:00,897.25,503.25,444.0,1156.75,1193.0,463.0,2253.0,2131.5
2010-08-13 00:00:00,889.25,493.75,460.0,1162.25,1185.25,450.25,2246.25,2133.0
2010-08-21 00:00:00,874.75,464.25,444.0,1136.0,1170.0,423.5,2200.5,2113.75
2010-08-29 00:00:00,863.25,437.75,427.0,1117.75,1158.0,395.75,2172.25,2085.0
2010-09-06 00:00:00,853.0,420.75,409.0,1082.75,1144.0,365.25,2115.0,2057.25
2010-09-14 00:00:00,837.25,397.0,385.25,1043.75,1130.0,329.0,2050.25,2024.25
2010-09-22 00:00:00,817.5,352.25,357.0,992.25,1116.75,274.5,2003.5,1964.0
2010-09-30 00:00:00,802.5,327.0,337.75,958.5,1107.0,230.25,1925.5,1918.0
2010-10-08 00:00:00,793.25,307.75,326.75,917.5,1097.25,198.75,1866.0,1862.5
2010-10-16 00:00:00,767.75,268.0,325.75,916.5,1092.5,137.75,1798.0,1792.75
2010-10-24 00:00:00,763.5,277.5,380.75,988.25,1115.75,140.25,1851.5,1836.25
2010-11-01 00:00:00,748.25,240.0,390.0,969.25,1115.5,135.75,1813.0,1799.0
2010-12-03 00:00:00,814.0,301.25,533.75,1029.25,1177.0,92.25,1483.0,1663.75
2010-12-11 00:00:00,824.0,258.25,526.0,1048.25,1190.75,86.25,1507.0,1703.75
2010-12-19 00:00:00,833.25,219.75,446.75,991.0,1172.25,85.5,1454.5,1478.0
2010-12-27 00:00:00,904.0,265.75,559.0,1090.0,1197.0,95.75,1610.25,1754.25
2011-02-02 00:00:00,958.75,314.75,605.5,1183.25,1215.75,150.0,1910.5,1871.75
2011-02-10 00:00:00,953.5,321.75,571.5,1166.5,1222.25,155.25,1739.0,1677.75
2011-02-26 00:00:00,971.5,428.25,561.0,1062.5,1231.5,279.0,1680.25,1400.5
2011-03-22 00:00:00,992.0,480.0,561.0,1073.75,1259.0,413.5,1862.5,1845.5
2011-03-30 00:00:00,987.75,504.5,521.5,1049.25,1271.25,407.25,1867.5,1844.5
2011-04-07 00:00:00,983.75,523.25,467.0,1032.5,1321.0,440.75,1868.5,1838.75
2011-04-15 00:00:00,990.5,543.0,378.0,1028.75,1336.0,502.75,1880.75,1867.25
2011-04-23 00:00:00,987.5,607.25,367.75,1055.25,1350.25,599.25,2010.25,1935.25
2011-05-01 00:00:00,977.75,630.75,387.25,1127.5,1360.0,634.5,2145.0,1981.0
2011-05-09 00:00:00,970.0,650.75,363.5,1145.0,1348.5,659.75,2223.0,2016.25
2011-05-17 00:00:00,969.5,685.75,403.25,1218.5,1348.0,692.0,2355.0,2098.0
2011-05-25 00:00:00,962.5,672.75,419.0,1211.0,1332.5,665.75,2383.25,2118.25
2011-06-10 00:00:00,956.75,673.0,445.75,1235.75,1321.25,668.25,2501.75,2211.25
2011-06-18 00:00:00,951.25,669.25,434.5,1226.5,1308.75,663.0,2551.5,2225.5
2011-07-20 00:00:00,922.0,585.0,452.5,1176.5,1240.75,575.5,2493.5,2198.25
2011-07-28 00:00:00,909.5,551.75,436.5,1153.0,1213.5,547.5,2439.5,2165.75
2011-08-05 00:00:00,905.25,540.25,442.75,1153.0,1207.5,529.5,2443.5,2161.25
2011-08-13 00:00:00,894.75,514.0,430.5,1138.25,1193.0,491.25,2380.75,2134.0
2011-08-21 00:00:00,884.25,490.75,437.75,1123.0,1182.0,465.5,2330.5,2104.0
2011-08-29 00:00:00,876.75,478.5,457.0,1116.75,1177.0,454.25,2310.75,2092.25
2011-09-06 00:00:00,868.0,448.75,450.25,1091.75,1166.75,423.5,2262.25,2061.0
2011-09-14 00:00:00,857.75,421.25,414.5,1054.0,1156.5,381.0,2210.75,2022.5
2011-09-22 00:00:00,843.0,389.5,387.0,1005.5,1144.75,315.25,2127.0,1966.25
2011-09-30 00:00:00,841.0,375.75,415.75,1012.0,1146.5,273.75,2117.25,1968.0
2011-10-08 00:00:00,835.5,361.75,415.75,1006.5,1146.5,255.75,2118.25,1960.25
2011-10-16 00:00:00,821.5,336.5,401.5,982.75,1141.25,187.75,2071.25,1892.0
2011-10-24 00:00:00,806.75,336.5,416.0,988.5,1144.0,175.5,1987.0,1838.0
2011-11-01 00:00:00,794.5,282.0,388.5,996.5,1141.5,145.25,1958.0,1819.0
2011-11-09 00:00:00,793.25,291.75,407.25,1006.0,1140.5,147.75,1930.75,1816.5
2011-12-27 00:00:00,892.25,462.75,503.75,1133.75,1219.75,104.75,1218.25,1376.5
2012-01-01 00:00:00,903.0,474.25,500.75,1135.0,1226.25,114.25,1233.5,1390.5
2012-02-18 00:00:00,963.75,463.25,563.25,1198.75,1249.0,295.75,1363.5,1457.25
2012-02-26 00:00:00,960.0,485.0,504.25,1178.0,1253.25,317.5,1448.5,1484.0
2012-03-05 00:00:00,959.0,493.0,483.25,1139.0,1247.5,348.25,1495.0,1503.25
2012-03-13 00:00:00,980.25,537.5,540.5,1185.25,1261.5,406.0,1674.5,1633.25
2012-03-21 00:00:00,951.0,528.5,467.5,1179.0,1246.75,423.75,1752.5,1669.5
2012-03-29 00:00:00,961.5,536.25,430.5,1190.25,1247.5,453.5,1825.75,1720.75
2012-04-06 00:00:00,973.0,518.25,380.25,1144.25,1238.25,451.75,1839.75,1719.5
2012-04-14 00:00:00,980.5,520.5,352.5,1139.25,1268.0,461.25,1900.25,1776.25
2012-04-22 00:00:00,969.75,521.25,334.0,1111.75,1291.5,475.25,1913.0,1776.5
2012-04-30 00:00:00,959.25,531.0,302.75,1091.0,1296.0,515.5,1937.75,1775.0
2012-05-08 00:00:00,953.0,566.75,296.5,1096.75,1286.25,553.5,2003.0,1813.5
2012-05-16 00:00:00,942.25,586.5,278.25,1104.75,1276.5,572.5,2067.0,1852.75
2012-05-24 00:00:00,937.5,600.5,282.25,1123.0,1264.75,581.75,2159.0,1894.25
2012-06-01 00:00:00,929.75,599.5,268.75,1126.25,1252.5,584.25,2228.0,1953.0
2012-06-09 00:00:00,923.5,593.0,257.75,1122.0,1239.75,583.25,2284.0,2016.0
2012-06-17 00:00:00,912.5,570.25,237.5,1094.5,1215.5,559.25,2276.5,2006.25
2012-06-25 00:00:00,903.75,548.0,264.5,1088.0,1208.0,542.0,2296.75,2019.5
2012-07-03 00:00:00,895.75,550.25,300.25,1110.5,1204.75,545.5,2323.25,2043.0
2012-07-11 00:00:00,874.75,505.25,283.25,1071.75,1181.75,504.0,2242.75,1990.0
2012-07-19 00:00:00,861.0,487.5,303.75,1060.0,1172.0,477.25,2264.0,1979.5
2012-07-27 00:00:00,848.75,456.0,307.0,1034.0,1159.5,444.25,2215.5,1945.25
2012-08-04 00:00:00,831.75,425.75,316.25,1014.25,1146.0,417.25,2179.0,1901.75
2012-08-12 00:00:00,819.75,400.75,299.25,996.25,1127.5,386.5,2057.25,1846.25
2012-08-20 00:00:00,800.75,372.75,303.5,989.5,1115.5,354.75,2011.75,1792.5
2012-08-28 00:00:00,794.25,349.5,304.25,979.5,1110.25,330.0,1951.0,1753.75
2012-09-05 00:00:00,790.75,328.5,325.5,996.75,1119.0,300.25,1932.5,1743.5
2012-09-13 00:00:00,777.5,302.5,328.75,980.75,1109.0,261.0,1872.25,1670.25
2012-09-21 00:00:00,770.25,286.25,339.5,992.0,1106.0,220.25,1838.5,1646.25
2012-09-29 00:00:00,764.75,274.0,343.75,991.75,1104.5,192.5,1794.75,1593.25
2012-10-07 00:00:00,746.0,257.5,379.5,992.5,1121.0,156.5,1696.25,1458.25
2012-10-15 00:00:00,741.75,217.75,358.5,988.5,1102.5,142.5,1674.5,1474.75
2012-10-23 00:00:00,755.25,191.75,349.5,997.0,1109.0,133.75,1565.5,1402.25
2012-10-31 00:00:00,756.75,183.5,361.0,988.0,1109.5,129.0,1504.75,1350.5
2013-01-17 00:00:00,920.0,413.75,676.5,1329.5,1254.5,196.5,1649.5,1711.75
2013-01-25 00:00:00,914.25,395.5,671.0,1319.5,1242.25,186.75,1513.0,1564.25
2013-02-10 00:00:00,910.25,376.75,678.0,1296.5,1236.25,130.0,1137.5,1249.75
2013-02-18 00:00:00,903.5,392.0,657.25,1276.5,1226.25,136.5,1153.0,1229.75
2013-02-26 00:00:00,899.5,371.25,552.25,1223.0,1193.5,133.75,1082.75,1144.25
2013-03-06 00:00:00,906.0,356.5,515.75,1175.25,1182.75,140.0,1101.75,1134.0
2013-03-14 00:00:00,907.25,335.0,444.5,1118.75,1164.25,134.0,1040.25,1042.75
2013-03-22 00:00:00,915.5,320.75,398.0,1059.0,1158.5,138.25,1045.75,1034.25
2013-03-30 00:00:00,921.5,317.75,361.5,1015.75,1161.25,139.25,1057.0,1037.5
2013-04-07 00:00:00,924.0,309.75,319.75,964.75,1161.25,148.75,1060.75,1020.75
2013-04-15 00:00:00,921.0,310.75,280.75,919.25,1162.0,161.75,1072.75,1016.25
2013-04-23 00:00:00,918.75,317.75,251.25,905.0,1164.5,177.75,1116.0,1051.5
2013-05-01 00:00:00,918.25,320.25,218.75,859.5,1165.25,192.25,1164.75,1088.25
2013-05-09 00:00:00,913.75,333.75,185.5,843.25,1164.25,203.5,1226.0,1155.25
2013-05-17 00:00:00,905.5,332.0,171.5,838.0,1161.75,216.5,1313.75,1222.75
2013-05-25 00:00:00,900.25,344.25,169.25,840.25,1164.75,233.0,1402.25,1297.5
2013-06-02 00:00:00,890.5,358.5,179.5,872.5,1167.75,242.5,1473.5,1388.25
2013-06-10 00:00:00,882.5,364.25,191.25,901.5,1165.0,256.5,1543.75,1471.0
2013-06-18 00:00:00,860.25,360.25,176.75,886.5,1148.25,255.75,1579.5,1507.0
2013-06-26 00:00:00,847.0,353.0,164.25,899.5,1144.75,251.25,1600.0,1544.5
2013-07-04 00:00:00,835.25,362.25,178.0,936.0,1145.75,250.0,1653.0,1593.0
2013-07-12 00:00:00,824.5,357.0,197.0,956.25,1140.75,246.25,1680.75,1620.75
2013-07-20 00:00:00,802.75,347.75,203.5,961.5,1134.0,235.5,1684.75,1619.5
2013-07-28 00:00:00,803.75,350.5,237.5,1000.5,1139.5,239.75,1712.5,1649.75
2013-08-05 00:00:00,795.75,334.5,259.75,1003.25,1128.5,213.0,1658.5,1600.0
2013-08-13 00:00:00,767.25,314.75,274.5,1012.0,1119.0,202.25,1639.25,1559.75
2013-08-21 00:00:00,758.0,296.75,271.75,1006.0,1112.25,179.5,1600.25,1528.25
2013-08-29 00:00:00,733.25,252.75,256.0,968.25,1090.0,157.75,1508.0,1443.5
2013-09-06 00:00:00,709.5,211.0,241.0,942.25,1076.75,134.75,1419.25,1369.5
2013-09-14 00:00:00,717.0,196.25,265.0,971.25,1093.75,154.0,1487.0,1478.75
2013-09-22 00:00:00,691.0,184.0,276.5,965.5,1084.0,114.75,1312.5,1271.5
2013-09-30 00:00:00,684.0,165.75,264.5,948.0,1069.25,106.5,1235.5,1207.25
2013-10-08 00:00:00,674.25,154.5,282.5,948.25,1063.5,99.25,1180.25,1174.25
2013-10-16 00:00:00,673.0,151.0,297.75,970.25,1068.0,95.75,1165.75,1188.25
2013-10-24 00:00:00,654.75,129.5,298.75,976.0,1064.5,82.0,1119.75,1154.25
2013-11-01 00:00:00,678.0,120.0,295.75,941.25,1058.5,74.5,1008.25,1041.25
2014-03-30 00:00:00,899.75,354.75,542.75,1112.75,1111.75,136.0,1556.0,1458.0
2014-04-07 00:00:00,913.75,347.75,440.25,1052.75,1133.25,174.5,1560.25,1395.25
2014-04-15 00:00:00,922.75,323.0,338.0,971.75,1128.0,188.25,1525.0,1349.25
2014-04-23 00:00:00,947.0,313.5,283.0,897.75,1151.0,218.25,1543.25,1393.75
2014-05-01 00:00:00,951.75,325.25,296.75,872.75,1172.75,243.25,1539.5,1389.75
2014-05-09 00:00:00,947.5,316.25,205.75,714.5,1173.5,268.0,1519.75,1312.5
2014-05-17 00:00:00,942.0,363.0,210.5,773.25,1204.75,323.75,1620.0,1443.75
2014-05-25 00:00:00,931.0,389.5,173.25,792.75,1207.0,370.5,1706.25,1571.25
2014-06-02 00:00:00,928.25,420.75,223.0,904.0,1213.75,406.25,1836.0,1689.0
2014-06-10 00:00:00,925.0,428.25,221.25,922.5,1205.75,415.75,1864.75,1742.75
2014-06-18 00:00:00,910.25,435.0,231.0,960.25,1197.25,413.25,1915.75,1800.5
2014-06-26 00:00:00,897.0,457.5,257.5,1026.0,1189.0,418.5,2002.25,1880.0
2014-07-04 00:00:00,880.5,442.5,253.75,1003.75,1168.75,411.5,2022.5,1908.0
2014-07-12 00:00:00,860.5,436.75,263.5,1014.0,1159.0,400.0,2025.0,1927.75
2014-07-20 00:00:00,852.0,442.25,295.5,1038.5,1156.75,398.25,2052.25,1961.25
2014-07-28 00:00:00,834.25,419.75,301.0,1013.0,1140.5,381.25,2048.5,1949.0
2014-08-05 00:00:00,812.25,397.0,310.75,1010.5,1134.75,360.75,2018.0,1905.0
2014-08-13 00:00:00,809.0,389.5,333.75,1028.0,1133.0,350.0,2040.5,1893.5
2014-08-21 00:00:00,791.5,361.75,327.5,1020.5,1119.75,326.25,1997.0,1852.75
2014-08-29 00:00:00,761.0,328.25,313.75,982.0,1099.75,287.75,1907.5,1778.25
2014-09-06 00:00:00,738.25,303.0,332.75,976.75,1088.25,259.0,1877.75,1744.0
2014-09-14 00:00:00,721.75,266.25,342.0,966.75,1076.75,224.0,1824.25,1686.0
2014-09-22 00:00:00,702.0,230.5,344.25,966.75,1067.5,186.5,1737.0,1611.5
2014-09-30 00:00:00,685.25,208.5,340.0,946.75,1066.5,161.5,1700.0,1548.5
2014-10-08 00:00:00,662.0,172.0,337.25,940.5,1046.75,111.5,1600.5,1440.0
2014-10-16 00:00:00,659.25,155.5,330.75,919.25,1046.0,100.75,1522.0,1346.5
2014-10-24 00:00:00,652.5,142.75,309.0,888.0,1040.0,81.25,1317.5,1175.0
2015-02-26 00:00:00,900.25,153.75,365.0,868.25,1074.0,39.75,458.5,482.5
2015-03-06 00:00:00,911.25,169.75,307.75,850.0,1084.75,41.75,452.5,433.75
2015-03-14 00:00:00,911.5,184.25,265.25,818.0,1088.5,44.75,484.5,425.25
2015-04-07 00:00:00,918.75,421.75,434.25,1112.0,1198.5,201.25,1142.25,1082.75
2015-04-15 00:00:00,914.0,426.0,371.25,1103.0,1189.75,205.5,1246.5,1203.5
2015-04-23 00:00:00,917.0,448.75,389.0,1125.75,1196.5,219.0,1398.75,1348.5
2015-05-01 00:00:00,917.0,441.75,370.0,1117.25,1192.75,214.25,1390.25,1331.5
2015-05-17 00:00:00,907.75,454.5,334.0,1095.25,1180.75,231.5,1527.5,1478.5
2015-05-25 00:00:00,902.5,446.25,304.25,1070.75,1173.75,232.75,1548.25,1509.25
2015-06-02 00:00:00,900.25,466.0,317.75,1092.5,1180.0,245.25,1605.0,1585.5
2015-06-10 00:00:00,890.5,469.5,328.0,1093.5,1176.25,248.0,1644.0,1622.0
2015-06-18 00:00:00,878.25,467.0,310.25,1082.25,1170.5,249.75,1665.0,1632.0
2015-06-26 00:00:00,863.0,467.0,309.75,1080.0,1168.75,250.25,1697.0,1650.5
2015-07-04 00:00:00,841.0,462.75,320.25,1080.5,1161.5,249.75,1735.75,1667.5
2015-07-12 00:00:00,828.5,451.5,308.0,1070.25,1155.25,241.0,1721.0,1658.75
2015-07-20 00:00:00,818.0,447.75,324.0,1080.0,1154.5,243.5,1744.5,1671.25
2015-07-28 00:00:00,806.5,436.0,334.75,1080.0,1146.25,225.0,1729.75,1646.25
2015-08-05 00:00:00,798.25,423.25,347.75,1084.0,1139.5,218.5,1726.5,1634.25
2015-08-13 00:00:00,766.0,382.0,339.5,1059.0,1123.5,189.75,1665.5,1554.75
2015-08-21 00:00:00,778.0,368.25,340.5,1050.5,1122.25,178.75,1658.5,1522.25
2015-08-29 00:00:00,788.5,394.0,338.5,1043.0,1117.5,164.5,1634.0,1474.5
2015-09-14 00:00:00,743.0,300.25,348.25,1047.75,1106.75,149.0,1546.5,1356.75
2015-09-22 00:00:00,715.5,252.0,359.5,1043.75,1082.25,118.75,1477.75,1265.75
2015-10-16 00:00:00,695.25,294.75,353.0,983.25,1031.0,70.5,1149.0,1010.75
2015-10-24 00:00:00,674.5,215.5,344.25,979.0,1030.0,63.75,1089.25,952.5
2015-11-01 00:00:00,676.0,113.75,334.25,972.25,1034.0,59.0,1012.75,929.0
2015-11-09 00:00:00,692.5,120.0,326.25,970.0,1044.5,65.25,904.0,851.75
2016-04-06 00:00:00,887.5,203.5,205.75,748.0,1087.5,42.25,480.75,324.75
2016-04-14 00:00:00,902.75,222.0,189.25,744.75,1099.25,52.0,579.75,420.25
2016-04-22 00:00:00,919.75,232.5,157.75,737.75,1107.0,51.75,606.75,448.75
2016-05-08 00:00:00,933.75,277.25,127.25,756.25,1147.75,77.25,762.25,585.0
2016-05-16 00:00:00,925.0,305.75,132.5,786.5,1159.0,107.0,899.25,734.5
2016-05-24 00:00:00,918.75,339.25,125.5,820.5,1163.75,133.0,1019.25,884.75
2016-06-01 00:00:00,911.5,359.75,134.75,863.5,1163.5,149.25,1172.5,1055.5
2016-06-09 00:00:00,899.25,362.75,125.25,889.5,1153.75,151.25,1248.5,1151.75
2016-06-17 00:00:00,893.75,375.5,146.0,944.0,1153.0,163.75,1363.25,1260.5
2016-06-25 00:00:00,883.25,375.5,151.75,960.25,1147.25,170.0,1401.25,1331.25
2016-07-03 00:00:00,873.75,389.25,184.75,994.5,1149.5,181.75,1480.75,1400.5
2016-07-11 00:00:00,852.75,387.5,191.25,1004.25,1144.0,180.5,1499.0,1428.25
2016-07-19 00:00:00,840.5,386.0,204.5,1013.0,1139.75,179.75,1515.0,1443.25
2016-07-27 00:00:00,829.75,380.0,211.75,1011.75,1138.5,177.5,1508.25,1439.25
2016-08-04 00:00:00,815.0,377.0,230.5,1018.5,1132.75,166.0,1490.5,1427.25
2016-08-12 00:00:00,789.0,363.5,239.75,1010.75,1124.75,157.25,1483.5,1411.25
2016-08-20 00:00:00,774.0,349.75,242.75,1007.5,1115.75,146.0,1467.0,1370.25
2016-08-28 00:00:00,759.25,334.25,252.5,1003.75,1109.25,133.0,1430.75,1341.5
2016-09-05 00:00:00,753.25,310.5,259.75,992.0,1101.25,123.5,1375.75,1278.0
2016-09-13 00:00:00,767.0,347.0,257.75,977.75,1106.5,121.0,1332.5,1222.5
2016-09-21 00:00:00,750.75,375.75,254.25,953.75,1086.5,112.0,1246.5,1114.5
2016-09-29 00:00:00,727.0,268.0,249.0,947.25,1077.25,88.25,1204.5,1070.75
2016-10-07 00:00:00,700.75,230.75,252.5,930.25,1063.75,72.5,1129.25,970.0
2016-10-15 00:00:00,718.0,330.0,251.5,935.75,1061.25,85.25,1079.25,909.5
2017-03-30 00:00:00,882.25,349.25,683.5,1149.0,1149.25,221.0,1569.0,1556.0
2017-04-07 00:00:00,888.25,325.0,632.0,1108.75,1130.5,201.75,1503.0,1509.5
2017-04-15 00:00:00,886.0,295.75,533.0,1008.25,1119.75,165.75,1350.0,1349.5
2017-04-23 00:00:00,891.25,300.0,513.0,966.0,1113.5,169.75,1322.25,1308.25
2017-05-01 00:00:00,892.0,331.5,503.25,1061.75,1150.5,210.25,1425.0,1450.75
2017-05-09 00:00:00,890.25,338.0,466.75,1071.5,1145.25,207.75,1448.75,1485.75
2017-05-17 00:00:00,882.75,342.5,453.25,1045.75,1139.5,219.5,1459.5,1492.0
2017-05-25 00:00:00,872.0,338.25,355.0,1003.0,1130.25,219.0,1448.5,1464.5
2017-06-02 00:00:00,862.75,342.25,365.5,1027.25,1129.5,230.25,1500.75,1504.5
2017-06-10 00:00:00,835.5,345.0,361.5,1026.25,1126.5,239.75,1547.25,1554.0
2017-06-18 00:00:00,821.75,357.25,347.0,1038.0,1120.5,238.5,1562.25,1557.75
2017-06-26 00:00:00,793.5,346.0,323.5,1022.25,1108.75,238.5,1572.25,1553.75
2017-07-04 00:00:00,772.5,357.75,378.5,1063.25,1115.5,249.0,1634.5,1624.75
2017-07-12 00:00:00,757.25,366.0,405.0,1096.75,1119.25,252.25,1675.0,1666.75
2017-07-20 00:00:00,742.25,358.75,398.5,1090.75,1105.75,240.25,1671.75,1647.0
2017-07-28 00:00:00,713.0,343.75,405.0,1088.0,1095.5,231.5,1668.25,1631.5
2017-08-05 00:00:00,679.5,337.25,411.5,1091.5,1091.75,215.75,1655.75,1624.25
2017-08-13 00:00:00,673.25,336.25,413.5,1107.5,1094.75,214.5,1677.5,1632.75
2017-08-21 00:00:00,656.75,319.75,428.5,1111.75,1081.75,208.5,1663.0,1626.5
2017-08-29 00:00:00,624.5,282.75,415.0,1090.0,1053.0,182.25,1619.0,1558.75
2017-09-06 00:00:00,624.0,275.0,414.75,1097.25,1047.75,176.0,1607.5,1546.0
2017-09-22 00:00:00,613.5,253.75,425.5,1093.25,1008.75,136.25,1527.25,1464.75
2017-09-30 00:00:00,595.0,217.0,422.75,1077.25,992.0,112.25,1449.75,1381.0
2017-10-08 00:00:00,544.75,150.5,415.5,1078.5,979.25,95.0,1373.0,1309.0
2017-10-16 00:00:00,547.0,144.75,427.5,1074.75,985.25,96.5,1319.75,1283.75
2018-04-23 00:00:00,870.25,184.5,323.0,886.5,1043.25,42.5,361.75,347.0
2018-05-01 00:00:00,882.25,195.25,290.0,850.25,1037.25,41.0,391.75,404.5
2018-05-09 00:00:00,893.0,201.0,221.0,787.0,1037.5,45.25,465.25,432.25
2018-05-17 00:00:00,902.5,213.25,212.5,767.0,1045.5,51.25,542.75,499.25
2018-05-25 00:00:00,907.25,253.25,231.0,794.5,1070.0,65.25,649.75,585.5
2018-06-02 00:00:00,911.5,285.25,205.5,817.75,1100.5,95.0,765.5,712.0
2018-06-10 00:00:00,896.75,300.25,168.0,804.25,1102.0,110.75,863.75,810.75
2018-06-18 00:00:00,885.5,324.25,169.5,817.25,1099.5,124.0,978.5,941.0
2018-06-26 00:00:00,879.5,348.25,178.5,871.25,1102.5,146.5,1076.5,1094.25
2018-07-04 00:00:00,868.5,346.5,165.25,862.5,1086.5,142.25,1110.25,1143.5
2018-07-12 00:00:00,869.5,365.5,210.25,922.0,1095.0,152.0,1234.25,1281.75
2018-07-20 00:00:00,858.0,365.5,236.75,965.0,1099.75,177.0,1305.75,1319.0
2018-07-28 00:00:00,843.25,351.5,233.5,959.0,1088.25,152.0,1270.0,1311.25
2018-08-05 00:00:00,829.75,353.25,255.75,1000.0,1091.75,153.25,1295.0,1327.25
2018-08-13 00:00:00,819.0,348.5,273.25,999.25,1088.5,148.75,1305.0,1313.5
2018-08-21 00:00:00,818.5,354.25,291.25,1027.25,1098.5,147.25,1357.5,1351.5
2018-08-29 00:00:00,788.0,335.5,293.25,1020.5,1084.5,131.75,1295.5,1290.75
2018-09-06 00:00:00,774.25,324.75,322.0,1033.25,1084.5,125.5,1297.5,1282.5
2018-09-14 00:00:00,758.25,308.0,311.0,1004.25,1068.5,114.25,1254.75,1226.0
2018-09-22 00:00:00,746.25,286.0,271.5,958.0,1045.75,101.5,1199.25,1180.25
2018-09-30 00:00:00,704.75,245.5,299.75,961.25,1033.25,88.25,1119.5,1079.25
2018-10-08 00:00:00,695.0,237.25,296.25,953.75,1028.75,83.25,1082.5,1028.5
2018-10-16 00:00:00,663.75,218.25,283.0,930.75,1014.75,72.25,1019.5,920.0
2018-10-24 00:00:00,644.75,200.5,296.75,933.25,997.5,57.25,968.5,847.5
2018-11-01 00:00:00,641.25,181.75,299.75,935.25,992.75,42.75,931.5,788.0
2018-11-09 00:00:00,573.0,141.75,281.25,909.75,946.0,33.0,793.0,651.25
2018-11-17 00:00:00,560.0,118.5,266.5,881.25,920.5,28.0,645.0,574.0
2018-12-11 00:00:00,509.25,84.0,283.5,837.0,816.25,23.0,342.5,391.0
2018-12-19 00:00:00,511.25,88.25,253.0,850.0,830.5,20.75,284.5,355.75
2019-05-17 00:00:00,774.5,68.5,191.5,703.5,681.0,8.75,44.0,47.5
2019-06-02 00:00:00,761.75,76.75,176.75,705.5,731.25,5.0,51.75,56.75
2019-06-10 00:00:00,756.75,89.5,168.5,751.75,771.5,96.0,62.0,61.25
2019-06-18 00:00:00,740.0,83.75,163.75,724.25,757.25,5.25,61.5,64.5
2019-06-26 00:00:00,736.0,90.25,174.5,751.25,779.0,5.5,73.5,83.25
2019-07-04 00:00:00,713.75,90.25,170.5,756.25,783.25,5.5,76.25,82.25
2019-07-12 00:00:00,683.75,95.5,167.75,757.25,779.5,5.5,79.0,93.75
2019-07-20 00:00:00,670.0,97.25,170.75,782.0,794.0,5.5,86.0,108.5
2019-07-28 00:00:00,658.5,100.25,179.25,792.75,803.25,6.0,90.75,116.25
2019-08-05 00:00:00,636.5,102.5,192.25,813.75,805.0,16.75,95.75,123.75
2019-08-13 00:00:00,635.5,136.0,204.0,856.75,811.75,38.0,98.5,126.0
2019-08-21 00:00:00,615.75,103.75,211.25,846.0,807.5,5.5,99.75,127.5
2019-08-29 00:00:00,592.75,97.0,211.75,851.75,793.75,5.0,93.25,117.5
2019-09-06 00:00:00,560.5,91.75,210.25,844.25,772.5,5.5,85.25,103.75
2019-09-14 00:00:00,559.5,91.5,234.0,859.75,763.25,5.5,82.0,98.75
2019-09-30 00:00:00,508.5,105.25,228.0,860.75,707.5,7.25,59.5,75.75
2020-04-06 00:00:00,900.75,243.25,308.0,811.25,1021.75,27.25,634.75,569.25
2020-04-14 00:00:00,900.0,258.75,307.25,891.5,1028.25,30.5,758.0,704.5
2020-04-22 00:00:00,907.25,269.75,299.0,923.5,1031.75,37.25,844.75,818.0
2020-04-30 00:00:00,927.5,276.75,233.5,921.75,1034.0,39.25,877.5,878.5
2020-05-08 00:00:00,931.0,290.0,214.75,895.0,1048.5,49.25,912.75,950.75
2020-05-16 00:00:00,925.0,313.25,189.75,902.0,1075.0,69.75,961.25,1055.0
2020-05-24 00:00:00,917.75,337.25,185.25,917.0,1084.25,87.25,980.0,1163.75
2020-06-01 00:00:00,912.75,360.75,197.25,956.75,1092.75,98.25,1062.75,1280.5
2020-06-09 00:00:00,901.5,375.75,212.75,979.0,1082.5,106.25,1115.5,1343.5
2020-06-17 00:00:00,888.75,373.0,220.75,991.75,1073.25,105.25,1153.25,1361.25
2020-06-25 00:00:00,880.5,379.0,237.75,1008.25,1072.0,109.0,1217.0,1396.25
2020-07-03 00:00:00,871.0,383.75,247.0,1013.0,1066.5,109.0,1248.5,1408.0
2020-07-11 00:00:00,860.0,376.0,265.5,1018.25,1059.75,107.25,1264.75,1408.25
2020-07-19 00:00:00,848.75,372.75,269.75,1016.75,1055.0,107.75,1273.25,1391.75
2020-07-27 00:00:00,832.25,362.75,278.25,1013.25,1045.75,100.5,1286.0,1361.25
2020-08-04 00:00:00,812.5,349.25,278.5,1001.5,1029.75,92.5,1258.0,1310.0
2020-09-21 00:00:00,809.0,340.0,309.0,982.75,1000.75,58.25,1061.0,971.0
2020-10-07 00:00:00,740.0,354.75,329.75,956.0,998.5,44.75,976.5,832.25
2020-10-15 00:00:00,739.0,266.0,300.0,954.25,989.25,42.25,928.25,785.25
2020-10-23 00:00:00,702.0,244.0,285.0,923.25,971.0,33.0,838.75,654.25
2021-03-14 00:00:00,847.25,578.0,689.0,1211.0,1168.0,284.25,2109.5,1691.0
2021-04-07 00:00:00,849.5,495.25,619.75,1146.0,1082.5,217.75,1866.25,1613.0
2021-04-15 00:00:00,841.25,435.5,543.5,1072.25,1053.0,161.75,1728.5,1505.5
2021-04-23 00:00:00,842.25,406.5,517.5,1031.25,1029.75,122.75,1543.5,1423.25
2021-05-01 00:00:00,841.75,358.0,441.5,977.75,979.75,96.0,1361.5,1245.75
2021-05-09 00:00:00,838.0,323.75,417.5,899.5,954.0,68.75,1261.25,1152.25
2021-05-17 00:00:00,828.5,302.5,357.25,859.0,956.75,46.0,1185.5,1044.0
2021-05-25 00:00:00,811.25,284.5,349.5,848.75,960.25,35.25,1125.0,977.75
2021-06-02 00:00:00,779.5,253.75,288.25,786.5,939.25,26.0,966.75,795.0
2021-06-10 00:00:00,742.25,246.75,291.0,795.75,924.25,23.25,911.25,763.75
2021-06-18 00:00:00,719.25,247.0,283.0,815.75,926.5,26.0,898.5,762.5
2021-06-26 00:00:00,674.0,254.0,295.75,838.5,929.0,27.0,906.0,766.5
2021-07-04 00:00:00,665.0,272.75,311.5,883.0,946.5,31.25,962.25,810.25
2021-07-12 00:00:00,622.25,262.25,313.25,887.75,935.25,32.0,935.25,801.5
2021-07-20 00:00:00,577.0,259.25,312.0,905.5,921.75,31.0,938.0,791.5
2021-07-28 00:00:00,547.75,266.5,324.25,911.25,902.0,29.75,928.25,796.5
2021-08-05 00:00:00,540.5,282.0,333.75,932.25,906.75,30.25,981.25,859.75
2021-08-13 00:00:00,529.75,282.0,347.5,954.75,901.0,31.0,1010.5,894.5
2021-08-21 00:00:00,510.25,269.5,350.5,969.5,894.25,32.5,988.75,855.0
2021-08-29 00:00:00,492.25,241.75,339.75,958.0,873.75,57.0,960.75,782.0
2021-09-06 00:00:00,505.5,239.0,356.5,976.75,885.0,69.5,930.25,765.25
2022-04-07 00:00:00,875.5,193.5,479.25,846.0,883.75,30.5,347.5,82.0
2022-04-15 00:00:00,871.5,221.25,539.0,908.25,958.5,26.5,313.0,122.5
2022-04-23 00:00:00,863.5,215.5,473.5,784.25,968.0,24.25,272.0,186.25
2022-05-09 00:00:00,868.0,224.0,335.75,771.25,990.5,32.25,345.0,294.25
2022-05-25 00:00:00,866.25,257.0,326.0,892.25,1008.0,48.5,482.75,489.0
2022-06-02 00:00:00,860.5,267.5,295.75,913.75,1017.75,58.0,543.25,534.0
2022-06-10 00:00:00,850.0,275.25,274.75,938.5,1028.75,65.75,610.25,595.25
2022-06-18 00:00:00,831.5,264.75,223.75,883.75,1007.0,62.5,657.75,626.0
2022-06-26 00:00:00,816.75,268.25,192.5,873.0,1013.5,70.0,698.75,642.25
2022-07-12 00:00:00,796.0,303.75,340.0,1029.75,1032.0,86.0,818.25,778.25
